sy_dist,count
646.346,53
107.796,49
369.451,47
848.254,47
282.563,46
323.847,46
1209.16,45
177.594,45
578.796,44
335.307,43
1027.45,43
1432.61,43
311.222,42
1023.9,42
1056.48,42
1798.75,42
300.874,40
914.221,40
915.212,39
406.529,39
1020.72,39
868.477,39
477.052,39
428.018,38
525.997,38
552.798,38
904.326,38
765.025,38
1058.72,38
3.2026,38
330.575,37
1664.64,37
1859.71,37
63.9207,37
404.542,37
1337.61,36
969.252,36
501.574,36
1156.81,36
861.527,36
891.092,36
341.908,36
1265.61,36
385.231,36
1044.36,35
1026.43,35
625.339,35
249.343,35
782.088,35
924.625,35
485.997,35
11.1336,35
775.679,35
444.322,35
66.8624,35
1047.03,35
434.684,35
872.343,34
400.785,34
271.701,34
527.321,34
1226.85,34
1052.24,34
15.4614,34
890.758,34
3.60304,34
17.5299,34
1025.1,34
828.592,34
1502.32,34
400.409,33
2034.25,33
1280.25,33
303.728,33
17.4671,33
215.32,33
171.109,33
15.6521,33
38.6364,33
321.542,33
690.819,32
775.328,32
349.549,32
264.993,32
783.831,32
48.3016,32
1090.51,32
459.223,32
16.0069,32
18.1186,32
1014.62,32
835.756,32
190.401,31
259.533,31
348.291,31
433.047,31
36.4396,31
185.506,31
781.611,31
252.733,31
595.683,31
241.987,31
956.859,30
304.645,30
306.738,30
1366.07,30
1037.4,30
628.257,30
11.8148,30
515.334,30
1232.9,30
1144.86,30
575.581,30
12.7141,30
787.07,29
153.676,29
1036.49,29
980.138,29
40.0595,29
616.637,29
1389.48,29
487.675,29
426.59,29
889.608,29
692.14,29
962.459,29
316.663,29
945.775,29
602.268,29
703.302,29
840.269,29
762.596,29
610.326,29
530.487,28
635.145,28
1644.61,28
603.53,28
518.204,28
663.711,28
760.585,28
594.447,28
875.519,28
758.854,28
656.38,28
2257.32,28
237.401,28
838.595,28
1052.53,28
688.573,28
352.794,28
5.675773,28
823.242,28
548.686,28
580.119,28
826.265,28
791.163,28
719.166,28
441.09,28
503.436,28
391.038,28
716.025,28
243.249,27
576.946,27
267.323,27
324.413,27
477.992,27
1745.45,27
453.795,27
768.86,27
651.674,27
1097.97,27
780.256,27
1083.91,27
495.358,27
1194.15,27
384.757,27
863.855,27
773.713,27
571.034,27
694.627,27
8.50332,27
455.982,27
860.391,26
399.114,26
1699.19,26
809.897,26
12.5855,26
1443.21,26
144.166,26
554.064,26
900.678,26
1539.63,26
594.464,26
396.379,26
451.312,26
420.046,26
1370.79,26
19.7638,25
586.137,25
912.994,25
1104.64,25
9.75321,25
778.654,25
636.694,25
704.438,25
1.347491,25
561.101,25
738.792,25
1021.66,25
930.457,25
890.352,25
991.618,24
486.546,24
613.129,24
438.359,24
543.444,24
96.339,24
474.861,24
815.637,24
344.19,24
183.365,24
232.75,24
1167.94,24
799.008,24
421.382,24
177.355,24
288.763,24
290.324,24
316.618,24
494.832,24
681.428,24
1296.02,24
930.32,24
1493.95,24
1298.88,24
19.6359,23
1402.82,23
454.883,23
769.146,23
1333.62,23
866.331,23
566.85,23
903.51,23
209.738,23
1435.44,23
797.72,23
10.9816,23
568.676,23
817.647,23
777.06,23
622.818,23
1349.13,23
17.9323,23
341.079,23
1183.88,23
250.11,23
816.559,23
388.63,23
384.694,23
595.331,23
408.845,23
644.14,23
228.678,23
159.72,23
527.956,23
596.625,22
18.2702,22
835.86,22
832.532,22
434.632,22
1379.37,22
560.885,22
1002.53,22
21.1397,22
373.744,22
937.013,22
738.657,22
468.094,22
293.499,22
544.568,22
268.881,22
976.643,22
940.724,22
439.719,22
302.979,22
968.544,22
591.534,22
1303.72,22
605.68,22
1050.64,22
400.48,22
443.03,22
940.584,22
826.613,22
384.917,22
384.938,22
1169.57,22
813.192,22
20.0619,22
31.1664,22
309.353,22
29.9803,22
379.424,22
6.00278,22
746.927,22
1455.57,22
262.351,22
413.46,22
15.5981,22
21.2985,22
965.56,22
657.223,22
740.537,22
17.9011,22
13.7967,21
338.732,21
27.4573,21
626.078,21
693.86,21
730.625,21
600.241,21
648.109,21
1187.47,21
657.822,21
1733.1,21
973.989,21
513.206,21
586.531,21
37.6048,21
364.03,21
881.404,21
955.168,21
285.111,21
636.445,21
1208.44,21
634.939,21
623.609,21
1523.0,21
801.052,21
895.678,21
935.446,21
813.713,21
823.804,21
923.067,21
1238.81,21
1090.45,21
1826.53,21
510.523,21
701.996,21
574.228,21
317.499,21
627.365,21
521.054,21
1009.1,21
1002.14,21
575.988,21
686.723,21
188.027,21
1856.28,21
1038.99,21
891.462,21
876.044,21
1101.1,21
707.559,21
1432.17,21
433.387,21
1143.0,21
466.735,21
851.87,21
942.173,21
728.525,21
984.105,21
1002.94,21
677.975,21
717.527,21
420.818,21
334.797,21
653.6,21
489.141,21
301.183,21
32.3547,21
37.8063,21
1163.22,21
1343.6,21
37.7647,21
1549.09,21
609.283,21
695.65,21
1312.34,21
780.361,21
713.964,21
1402.58,21
649.919,21
1042.02,21
716.797,21
315.177,21
443.483,21
459.368,21
1098.45,21
1357.01,21
974.633,21
1786.48,21
689.814,21
855.641,21
824.31,21
1031.95,21
833.165,21
127.201,21
1005.84,21
1083.06,21
927.981,21
22.5242,20
29.276,20
839.903,20
1899.24,20
489.876,20
807.85,20
1294.69,20
809.467,20
583.859,20
21.0628,20
384.542,20
649.65,20
1087.87,20
612.803,20
760.065,20
681.086,20
1335.92,20
621.855,20
31.8766,20
26.1804,20
831.991,20
16.3292,20
1575.2,20
258.893,20
486.105,20
482.287,20
490.488,20
928.978,20
426.088,20
381.949,20
856.417,20
872.493,20
740.754,20
1460.1,20
399.034,20
174.826,20
337.901,20
459.273,20
658.924,20
283.41,20
652.051,20
34.1937,20
621.378,20
26.1853,20
108.522,20
948.781,20
1331.25,20
754.747,20
849.312,20
665.912,20
687.194,20
1095.05,19
665.68,19
6.53127,19
34.6538,19
21.5618,19
516.09,19
623.901,19
882.462,19
435.277,19
37.7861,19
1058.24,19
152.094,19
770.978,19
825.176,19
213.283,19
27.5902,19
223.757,19
1239.5,19
241.949,19
635.009,19
1093.08,19
922.562,19
134.311,19
57.603,19
792.336,19
44.0727,19
29.1158,19
1125.24,19
1057.41,19
869.236,19
264.78,19
760.708,19
311.175,19
595.634,19
731.274,19
1160.63,19
2334.93,19
886.588,19
1278.97,19
927.193,19
1369.24,19
808.762,19
570.783,19
556.58,19
720.753,19
1008.79,19
748.188,19
13.4054,19
1021.87,19
519.122,19
2213.19,19
51.8949,19
588.867,19
917.477,19
845.824,19
493.175,19
2022.9,19
805.936,18
1001.68,18
1030.81,18
624.8,18
420.042,18
466.084,18
667.693,18
1364.53,18
53.2817,18
635.736,18
982.51,18
1122.48,18
390.354,18
382.509,18
868.017,18
1217.73,18
66.4711,18
1065.08,18
858.77,18
987.237,18
651.999,18
570.659,18
12.9032,18
18.2038,18
127.774,18
1000.28,18
921.361,18
1691.88,18
218.562,18
155.956,18
881.386,18
26.6902,18
486.94,18
32.9834,18
666.146,18
431.622,18
940.211,18
2011.41,18
888.027,18
633.937,18
10.7836,18
1027.21,18
864.331,18
865.73,18
530.122,18
1594.74,18
584.136,18
694.175,18
376.863,18
42.3538,18
59.5175,18
1188.0,18
123.483,18
978.678,18
14.682,18
1126.64,18
50.6742,18
1131.64,18
519.096,18
33.1205,18
643.009,18
632.865,18
42.1586,18
95.9115,18
1026.49,18
14.6427,18
1571.46,18
405.104,17
399.398,17
758.17,17
23.4534,17
33.4591,17
480.869,17
1494.22,17
1103.29,17
299.104,17
1004.1,17
840.128,17
340.691,17
1720.48,17
1350.32,17
601.324,17
802.672,17
820.913,17
39.3809,17
28.9571,17
852.204,17
2055.77,17
1066.46,17
587.039,17
20.3632,17
153.242,17
9.7221,17
680.54,17
1091.63,17
154.273,17
267.206,17
758.753,17
860.37,17
527.995,17
739.412,17
12.5591,17
39.6245,17
899.777,17
18.284,17
855.82,17
191.904,17
22.0016,17
639.411,17
46.2845,17
289.827,17
690.525,17
75.8643,17
784.56,17
1780.38,17
938.417,17
1177.55,17
68.173,17
812.524,17
845.97,17
2305.01,17
835.356,17
555.189,17
40.8991,17
1273.51,17
758.469,17
1086.24,17
1072.88,17
722.795,17
230.869,17
679.361,17
802.163,17
1042.27,17
682.882,16
147.527,16
29.1864,16
33.3622,16
487.916,16
491.406,16
1198.03,16
568.546,16
338.522,16
88.7832,16
41.5681,16
129.603,16
1049.19,16
943.444,16
37.6681,16
1379.43,16
1486.7,16
1028.16,16
955.536,16
687.094,16
784.23,16
1935.04,16
320.588,16
29.5529,16
646.647,16
81.3795,16
38.185,16
17.3357,16
22.0158,16
21.9532,16
22.4035,16
848.023,16
1418.77,16
686.284,16
1141.08,16
12.9363,16
392.739,16
440.561,16
843.695,16
431.776,16
619.146,16
982.383,16
335.079,16
27.9243,16
17.3181,16
1396.41,16
932.446,16
1393.85,16
481.667,15
905.825,15
614.859,15
615.66,15
1273.78,15
445.656,15
400.907,15
45.9665,15
579.273,15
1011.36,15
268.041,15
14.1024,15
999.64,15
2140.6,15
62.7674,15
377.06,15
992.852,15
634.906,15
350.315,15
122.881,15
208.369,15
698.646,15
830.638,15
284.916,15
348.646,15
40.8707,15
8.79687,15
1221.96,15
1859.78,15
839.332,15
18.2704,15
914.699,15
1274.01,15
1222.54,15
45.9548,15
515.98,15
1878.31,15
194.642,15
16.9922,15
1017.8,15
47.2899,15
1047.84,15
1076.27,15
194.033,15
1151.73,15
776.708,15
309.596,15
1358.95,15
803.052,15
921.784,15
726.346,15
33.5369,15
1023.85,15
158.979,15
865.546,15
945.454,15
350.455,15
617.55,15
459.076,15
2002.96,15
397.292,15
1217.82,15
109.308,15
55.5867,15
31.6634,15
1232.29,15
822.96,15
26.1597,15
292.111,15
21.9496,15
18.2912,15
268.325,14
250.956,14
427.246,14
405.908,14
639.239,14
228.439,14
391.644,14
324.618,14
563.493,14
331.545,14
386.177,14
30.8248,14
85.6922,14
1140.95,14
313.068,14
574.314,14
983.245,14
45.147,14
1745.77,14
338.368,14
630.785,14
1068.33,14
35.9864,14
1249.41,14
36.6625,14
307.318,14
35.5318,14
531.944,14
487.525,14
751.776,14
614.648,14
422.269,14
265.482,14
2300.53,14
415.205,14
157.682,14
268.2,14
213.26,14
908.805,14
822.134,14
381.773,14
1475.6,14
46.6224,14
1506.58,14
298.532,14
1351.17,14
1498.58,14
2065.59,14
188.959,14
558.81,14
1125.3,14
47.3963,14
769.096,14
538.807,14
73.0961,14
1291.47,14
9.47045,14
37.7781,14
642.051,14
711.509,14
500.395,14
113.025,14
1059.51,14
935.191,14
185.875,14
592.711,14
866.826,14
928.989,14
1898.26,14
414.825,14
134.554,14
1252.13,14
1257.16,14
38.92,14
241.991,14
532.955,14
173.354,14
276.881,14
938.715,14
1490.94,14
939.744,14
1131.19,14
1063.58,14
1302.33,14
1065.37,14
5600.0,14
1202.96,14
54.1955,14
163.553,13
1115.62,13
268.003,13
45.8993,13
545.063,13
986.364,13
467.568,13
1216.58,13
609.638,13
188.158,13
324.423,13
259.639,13
1010.01,13
607.916,13
758.702,13
673.01,13
1455.5,13
394.804,13
667.604,13
553.077,13
466.265,13
442.871,13
17.9055,13
654.549,13
562.116,13
489.435,13
306.91,13
482.119,13
1485.82,13
279.115,13
991.336,13
1151.51,13
1023.06,13
2302.45,13
784.618,13
2063.41,13
1168.26,13
1033.93,13
918.21,13
342.254,13
295.196,13
1954.08,13
1826.15,13
922.244,13
1492.48,13
1023.07,13
1731.27,13
633.66,13
1357.75,13
1131.73,13
43.0399,13
969.918,13
39.5792,13
9.2894,13
781.582,13
1318.05,13
1173.57,13
451.794,13
636.03,13
513.748,13
1665.31,13
1416.44,13
1277.33,13
1995.57,13
1491.76,13
774.152,13
992.071,13
1156.83,13
1228.83,13
591.776,13
1394.22,13
664.843,13
1448.34,13
624.575,13
35.1205,13
686.923,13
1979.25,13
1661.87,13
489.253,13
278.987,13
44.8264,13
1089.87,13
2083.37,13
1327.44,13
2805.48,13
2497.51,13
926.598,13
853.119,13
762.081,13
831.842,13
60.8447,13
97.2396,13
842.947,13
991.214,13
721.027,13
760.43,13
274.767,13
1770.27,13
1068.68,13
830.707,13
1765.23,13
1921.15,13
916.706,13
1157.21,13
695.059,13
1005.43,13
205.118,13
1370.65,13
1442.02,13
727.904,13
424.428,13
32.0104,13
776.55,13
449.964,13
1705.99,13
509.408,13
38.0615,13
34.0883,13
49.4156,13
635.643,13
984.307,13
372.05,13
839.784,13
761.966,13
786.091,13
1130.21,13
547.026,13
917.804,13
850.242,13
557.787,13
1395.56,13
1445.53,13
861.494,13
1355.28,13
284.761,13
737.702,13
558.517,13
619.723,13
1159.31,13
1215.11,13
398.676,13
503.568,13
1775.8,13
1480.16,13
946.683,13
1065.82,13
1421.81,13
785.137,13
1153.13,13
973.76,13
769.2,13
663.418,13
703.168,13
54.7901,13
287.339,13
1076.28,13
2251.03,13
931.192,13
817.584,13
1315.26,13
972.274,13
1019.26,13
440.426,13
780.585,13
639.771,13
25.4111,13
289.205,13
443.106,13
938.168,13
283.155,13
1064.47,13
446.844,13
485.318,13
693.766,13
787.894,13
1209.4,13
983.697,13
1484.46,13
925.037,13
664.306,13
1387.2,13
614.571,13
1633.49,13
1588.41,13
1009.87,13
1040.1,13
1266.34,13
1425.47,13
985.699,13
638.49,13
961.405,13
1458.59,13
985.041,13
1482.74,13
1259.28,13
524.247,13
541.432,13
530.765,13
323.899,13
37.8478,13
703.758,13
613.179,13
867.271,13
1848.84,13
585.187,13
1389.27,13
1201.4,13
779.596,13
2046.68,13
575.322,13
1073.76,13
593.54,13
1688.12,13
467.37,13
8.80058,13
4.67517,13
980.035,13
413.873,13
134.397,13
66.4074,13
788.238,13
843.689,13
973.121,13
901.907,13
1104.04,13
944.561,13
998.961,13
532.726,13
1165.66,13
431.051,13
1127.12,13
1378.47,13
10.3796,13
460.91,13
552.55,13
1221.05,13
619.862,13
378.972,13
1039.03,13
1499.66,13
646.667,13
567.556,13
52.0018,13
24.0125,13
130.645,13
638.301,13
568.148,13
723.875,13
504.667,13
771.471,13
682.896,13
853.977,13
31.1415,13
983.502,13
1056.36,13
850.327,13
674.598,13
2097.12,13
661.876,13
992.769,13
565.207,13
863.037,13
564.277,13
390.374,13
1060.68,13
436.016,13
963.18,13
818.001,13
1019.65,13
1198.25,13
1195.54,13
1593.13,13
939.455,13
1259.46,13
1976.05,13
879.683,13
1182.22,13
1082.16,13
1242.62,13
791.625,13
1375.18,13
1180.9,13
1661.28,13
839.255,13
1619.03,13
5.75624,13
17.5559,13
504.605,13
627.455,13
651.318,13
711.297,13
420.817,13
598.313,13
1712.12,13
2340.58,13
570.727,13
1285.59,13
1162.91,13
540.134,13
1430.84,13
455.358,13
1855.7,13
1174.46,13
1551.54,13
1439.47,13
544.163,13
1404.94,13
777.025,13
634.58,13
897.783,13
2176.08,13
1575.23,13
1107.5,13
112.705,13
569.185,13
174.234,13
981.779,13
253.867,13
1165.34,13
978.125,13
529.268,13
28.8274,13
457.709,13
252.762,13
312.798,13
302.955,13
685.599,13
462.322,13
439.4,13
28.2697,13
757.791,13
290.843,13
400.289,13
1206.37,13
1114.24,13
1153.98,13
538.481,13
557.193,13
889.426,13
2921.99,13
882.324,13
1354.46,13
1003.26,13
1593.7,13
897.352,13
1493.43,13
1519.25,13
484.891,13
1246.43,13
902.204,13
648.979,13
514.524,13
1617.07,13
891.192,13
1105.95,13
717.555,13
805.562,13
1734.43,13
744.294,13
1054.87,13
664.83,13
801.993,13
583.641,13
1840.77,13
1097.23,13
1075.81,13
436.505,13
1045.92,13
556.168,13
2004.72,13
753.723,13
849.036,13
830.712,13
1025.03,13
1119.87,13
934.49,13
536.323,13
1053.04,13
611.115,13
1904.54,13
2126.85,13
415.218,13
459.957,13
559.598,13
1347.52,13
1125.72,13
623.706,13
515.453,13
1364.22,13
1178.7,13
916.749,13
540.604,13
1064.31,13
1632.13,13
862.186,13
968.722,13
687.615,13
317.022,13
1175.22,13
698.485,13
762.019,13
1754.19,13
505.531,13
1176.53,13
1316.57,13
807.812,13
729.227,13
661.022,13
1258.36,13
1347.71,13
840.503,13
880.895,13
961.907,13
802.116,13
918.566,13
922.333,13
743.03,13
123.438,13
455.336,13
289.907,13
246.61,13
253.295,13
750.04,13
1591.04,13
99.0688,13
332.443,13
588.715,13
944.241,13
1175.38,13
1717.48,13
782.852,13
831.685,13
508.809,13
1311.23,13
465.612,13
1017.2,13
608.738,13
471.782,13
2093.62,13
1260.78,13
1088.36,13
216.354,13
1349.43,13
342.509,13
1304.19,13
820.905,13
752.666,13
522.823,13
1050.45,13
573.0,13
1306.53,13
1408.75,13
1121.89,13
864.699,13
1299.97,13
1596.8,13
1545.39,13
1919.19,13
1157.84,13
1337.25,13
1020.53,13
342.144,13
1484.25,13
1213.71,13
1077.63,13
547.726,13
1651.25,13
1137.29,13
1730.78,13
2161.6,13
1304.25,13
215.814,13
550.383,13
544.939,13
449.773,13
807.729,13
478.647,13
703.038,13
1657.36,13
625.692,13
358.518,13
682.436,13
55.8503,13
467.375,13
468.258,13
369.645,13
605.274,13
938.844,13
556.726,13
807.48,13
215.233,13
1119.49,13
691.331,13
615.231,13
482.047,13
1230.42,13
704.323,13
289.899,13
842.459,13
1083.41,13
1030.7,13
867.931,13
753.135,13
944.445,13
1314.64,13
872.328,13
495.156,13
656.48,13
1140.57,13
1246.05,13
1331.92,13
530.658,13
318.004,13
1090.7,13
428.798,13
767.701,13
685.087,13
726.828,13
841.536,13
1671.28,13
1073.88,13
418.417,13
1008.57,13
568.487,13
888.325,13
454.626,13
582.828,13
1027.8,13
306.602,13
905.937,13
841.496,13
280.069,13
344.901,13
60.178,13
847.508,13
813.724,13
860.355,13
382.136,13
328.52,13
693.618,13
742.473,13
1101.42,13
2481.71,13
420.215,13
739.557,13
902.633,13
405.533,13
362.623,13
280.629,13
259.328,13
914.299,13
981.233,13
1291.01,13
377.976,13
719.802,13
1022.8,13
411.486,13
568.751,13
576.503,13
961.468,13
878.082,13
714.437,13
460.188,13
548.364,13
914.126,13
304.889,13
491.978,13
389.561,13
695.967,13
939.001,13
982.716,13
250.817,13
291.275,13
903.332,13
1278.96,13
942.485,13
721.534,13
556.006,13
162.006,13
829.343,13
151.129,13
389.397,13
1201.82,13
713.167,13
946.565,13
543.375,13
397.455,13
344.251,13
1473.61,13
552.058,13
19.7442,13
941.902,13
1152.68,13
567.806,13
282.565,13
355.019,13
566.459,13
343.863,13
181.374,13
159.658,13
194.182,13
415.358,13
810.082,13
1087.4,13
351.239,13
394.55,13
974.124,13
752.562,13
388.384,13
722.64,13
568.431,13
534.788,13
1063.09,13
1210.12,13
612.838,13
1508.71,13
393.072,13
736.779,13
411.077,13
422.246,13
739.357,13
213.053,12
231.161,12
162.303,12
31.32832,12
3.63857,12
297.462,12
26.8564,12
7100.0,12
222.345,12
393.642,12
1757.23,12
835.882,12
3460.51,12
823.399,12
626.819,12
591.098,12
1382.82,12
716.76,12
1031.31,12
15.2528,12
92.1913,12
691.961,12
792.522,12
213.985,12
124.376,12
557.652,12
492.122,12
801.479,12
3300.0,12
1344.97,12
1033.16,12
2406.33,12
513.103,12
75.0852,12
757.382,12
325.737,12
593.026,12
197.989,12
495.148,12
361.896,12
310.301,12
38.9607,12
30.0274,12
884.378,12
6.33256,12
476.733,12
244.59,12
320.451,12
2297.62,12
101.632,12
38.0266,12
491.997,12
329.041,12
330.916,12
366.656,12
854.28,12
1071.8,12
3347.16,12
275.358,12
1073.48,12
1291.98,12
25.3936,12
18.2692,12
246.81,12
222.663,12
1514.66,12
1091.0,12
275.694,12
1031.91,12
340.965,12
67.8107,12
408.303,12
344.337,12
276.323,12
442.846,12
692.158,12
588.037,12
37.6894,12
25.9716,12
46.8733,12
189.833,12
1320.38,12
865.512,12
912.085,12
46.0907,12
60.8831,12
47.7945,12
73.114,12
54.1963,12
221.802,12
68.5146,12
51.261,12
26.8762,12
757.048,12
24.3358,12
17.926,12
58.1438,12
16.9179,12
5.91059,12
813.535,12
78.0863,12
43.8214,12
39.0341,12
231.337,12
682.522,12
389.143,12
309.137,12
30.0651,12
640.409,11
1038.35,11
723.431,11
1660.48,11
694.89,11
535.048,11
1530.3,11
731.298,11
1516.27,11
1623.24,11
1214.09,11
1012.41,11
401.484,11
962.183,11
2163.9,11
1493.64,11
752.237,11
1385.7,11
2462.94,11
971.325,11
506.434,11
868.056,11
1078.46,11
1699.46,11
1303.22,11
1236.56,11
1635.82,11
93.8555,11
47.7458,11
40.9727,11
38.0786,11
91.4349,11
90.5446,11
802.271,11
365.965,11
301.03,11
7000.0,11
50.6706,11
57.6207,11
41.6592,11
71.3499,11
1174.59,11
21.5974,11
54.4738,11
34.1692,11
348.558,11
252.667,11
887.064,11
1369.87,11
38.662,11
33.5225,11
54.9621,11
10.0055,11
20.9531,11
89.8623,11
121.375,11
28.5159,11
1709.4,11
58.1105,11
1015.69,11
845.228,11
911.269,11
1119.45,11
593.384,11
670.829,11
2465.84,11
783.401,11
1054.37,11
991.845,11
949.59,11
1043.56,11
570.835,11
1167.49,11
1223.04,11
528.685,11
319.197,11
79.3002,11
546.998,11
202.782,11
465.826,11
541.714,11
2101.69,11
2530.62,11
704.211,11
775.529,11
2171.87,11
1213.82,11
1050.72,11
878.43,11
73.6123,11
513.426,11
803.776,11
843.701,11
1355.02,11
853.959,11
1756.71,11
890.724,11
476.957,11
753.26,11
601.629,11
621.853,11
10.7643,11
59.859,11
23.3032,11
49.6633,11
320.639,11
1113.65,11
863.873,11
647.424,11
103.917,11
475.248,11
728.303,11
800.871,11
446.914,11
298.894,11
506.357,11
593.646,11
1110.48,11
1115.35,11
225.393,11
357.621,11
1053.57,11
814.078,11
813.543,11
698.326,11
973.368,11
465.417,11
154.83,11
343.226,11
72.0444,11
169.398,11
475.758,11
680.828,11
16.32,11
29.3386,11
64.5978,11
92.2589,11
4.54939,11
29.661,11
978.066,11
189.289,11
847.299,11
335.09,11
170.562,11
913.65,11
228.327,11
249.645,11
31.4607,11
638.249,11
10.4092,11
4.96435,11
185.615,11
8.15728,11
81.7647,11
226.637,11
745.74,11
748.569,11
831.287,11
335.515,11
626.691,11
337.926,11
1128.72,11
336.09,11
733.143,11
1159.85,11
758.3,11
310.315,11
909.28,11
847.339,11
735.369,11
651.117,11
1012.48,11
727.187,11
391.181,11
357.059,11
2065.98,11
1335.64,11
109.749,11
7200.0,11
771.494,11
824.688,11
1182.05,11
848.396,11
181.69,11
755.678,11
497.093,11
688.795,11
738.261,11
1197.04,11
602.176,11
6.2981,11
629.445,11
305.193,11
417.014,11
729.823,11
1141.89,11
921.778,11
282.091,11
161.997,11
124.73,11
140.998,11
19.8101,11
492.894,11
194.134,11
105.166,11
89.9606,11
322.114,11
34.0915,10
93.808,10
142.751,10
63.4482,10
28.254,10
71.0863,10
661.421,10
51.9917,10
120.391,10
29.1328,10
11.4469,10
50.2862,10
45.2989,10
38.4473,10
37.4574,10
34.354,10
690.336,10
657.023,10
816.592,10
156.264,10
590.268,10
273.946,10
252.596,10
1430.0,10
245.303,10
1482.83,10
2080.51,10
1289.41,10
1427.08,10
576.181,10
651.783,10
894.187,10
375.522,10
195.439,10
522.605,10
295.293,10
1497.33,10
1083.28,10
1321.38,10
996.105,10
669.573,10
270.739,10
1061.77,10
783.666,10
1302.87,10
790.516,10
908.501,10
1276.29,10
837.481,10
621.996,10
681.255,10
871.564,10
565.752,10
582.942,10
438.412,10
820.506,10
501.229,10
764.456,10
1542.48,10
1663.74,10
561.229,10
1189.88,10
601.029,10
602.218,10
1409.19,10
1390.56,10
1393.83,10
1191.19,10
1508.33,10
764.726,10
1826.04,10
1286.1,10
546.23,10
541.189,10
2712.58,10
20.2727,10
1202.47,10
1525.52,10
333.042,10
258.979,10
1631.66,10
734.85,10
1229.25,10
898.31,10
1137.81,10
1070.17,10
560.445,10
778.602,10
863.909,10
883.045,10
264.078,10
305.792,10
962.63,10
1034.59,10
437.823,10
1006.63,10
916.313,10
629.804,10
644.456,10
1328.2,10
2146.23,10
845.022,10
976.868,10
1639.47,10
1419.58,10
771.152,10
1513.14,10
924.141,10
1026.48,10
944.465,10
1416.31,10
796.477,10
692.594,10
1463.72,10
1179.01,10
872.279,10
674.695,10
403.933,10
1064.05,10
308.105,10
280.518,10
327.783,10
510.029,10
1246.92,10
1384.16,10
1455.36,10
675.303,10
918.995,10
897.733,10
966.801,10
798.246,10
661.014,10
817.534,10
477.295,10
1206.11,10
466.586,10
629.93,10
839.076,10
502.497,10
614.827,10
1380.16,10
944.54,10
2013.27,10
946.847,10
1842.13,10
555.574,10
382.989,10
865.596,10
814.125,10
206.983,10
607.917,10
1441.63,10
539.321,10
931.956,10
729.964,10
416.692,10
244.96,10
748.326,10
517.292,10
387.248,10
679.921,10
871.81,10
686.461,10
2435.94,10
1225.57,10
1514.02,10
749.06,10
309.869,10
1307.66,10
1285.48,10
331.553,10
862.92,10
1283.05,10
188.33,10
272.36,10
31.964,10
1696.25,10
1260.28,10
320.478,10
2366.02,10
409.602,10
1022.01,10
1299.32,10
221.639,10
434.456,10
2254.69,10
395.196,10
1338.49,10
825.883,10
486.174,10
1053.49,10
1056.88,10
553.218,10
455.479,10
544.45,10
889.885,10
1769.14,10
161.555,10
413.591,10
116.474,10
500.892,10
728.668,10
1845.58,10
1002.74,10
1568.38,10
652.253,10
1479.14,10
349.247,10
897.597,10
799.699,10
1425.39,10
1363.19,10
182.536,10
24.3056,10
374.615,10
710.724,10
1804.36,10
784.625,10
923.551,10
631.949,10
359.497,10
1687.47,10
1017.82,10
679.106,10
1154.13,10
370.312,10
780.566,10
1196.04,10
996.32,10
505.829,10
2006.48,10
80.8994,10
678.069,10
590.601,10
1159.3,10
852.888,10
203.896,10
336.952,10
430.254,10
724.971,10
513.107,10
1136.6,10
451.242,10
1229.18,10
1472.62,10
1404.38,10
591.602,10
1232.19,10
829.985,10
438.703,10
833.055,10
853.275,10
768.903,10
890.296,10
152.075,10
319.675,10
922.255,10
45.683,10
848.76,10
562.348,10
772.481,10
1589.81,10
250.199,10
631.884,10
309.696,10
1693.86,10
22.5243,10
42.1727,10
85.3006,10
1775.44,10
371.049,10
631.7,10
71.8627,10
83.3321,10
36.1531,10
30.6862,10
34.4341,10
558.855,10
659.395,10
1314.51,10
3.93305,10
121.405,10
42.358,10
1028.37,10
518.625,10
179.854,10
1057.21,10
976.737,10
136.24,10
21.1389,10
252.759,10
276.211,10
317.652,10
272.655,10
1530.32,10
9.44181,10
29.4214,10
8.07426,10
9.06456,10
2012.62,10
364.813,10
320.07,10
3.56228,10
211.553,10
390.552,10
558.652,10
1060.77,10
811.278,10
772.283,10
641.374,10
221.186,10
385.348,10
807.308,10
718.945,10
707.688,10
962.888,10
227.537,10
54.6599,10
1146.1,10
1215.7,10
44.657,9
56.1858,9
75.4392,9
20.21019,9
97.2179,9
423.348,9
259.935,9
572.403,9
544.456,9
1425.43,9
102.953,9
1697.81,9
294.001,9
403.513,9
491.87,9
136.957,9
1502.34,9
103.936,9
159.522,9
921.986,9
172.245,9
106.289,9
50.4093,9
35.26,9
211.196,9
184.848,9
875.523,9
1056.9,9
197.119,9
32.5376,9
35.0553,9
34.8541,9
122.536,9
46.7864,9
131.199,9
6800.0,9
189.908,9
632.766,9
608.68,9
125.106,9
348.494,9
87.5953,9
275.994,9
121.944,9
386.346,9
163.371,9
55.9231,9
79.0608,9
46.8778,9
979.541,9
54.2304,9
111.155,9
179.943,9
169.948,9
28.7165,9
147.192,9
108.199,9
334.037,9
258.426,9
211.416,9
99.9293,9
58.9291,9
39.9346,9
72.5922,9
53.6089,9
835.455,9
409.46,9
905.406,9
60.2046,9
57.2651,9
162.685,9
551.727,9
69.7116,9
64.1181,9
791.175,9
85.799,9
31.1265,9
75.5857,9
326.381,9
140.385,9
2879.83,9
446.821,9
104.577,9
1025.02,9
752.615,9
294.122,9
703.789,9
1267.67,9
591.019,9
513.329,9
39.3633,9
242.113,9
555.051,9
47.7332,9
87.8888,9
44.8155,9
36.1945,9
56.8655,9
73.2801,9
28.2305,9
26.7909,9
67.9331,9
103.044,9
617.339,9
1069.45,9
1947.54,9
341.774,9
84.4069,9
10.6194,9
14.9861,9
6.86929,9
83.6448,9
37.6506,9
100.758,9
178.475,9
2310.11,9
1368.83,9
317.437,9
1305.99,9
1114.91,9
16.2817,9
882.472,9
159.906,9
787.909,9
666.334,9
243.836,9
63.0821,9
109.353,9
49.5336,9
1002.02,9
78.8906,9
62.9969,9
455.203,9
143.651,9
423.065,9
113.123,9
303.336,9
5.58057,9
6.33278,9
12.613,9
369.888,9
186.197,9
726.412,9
249.325,9
294.419,9
71.0374,9
415.344,9
9.8528,9
34.0071,9
946.602,9
16.0272,9
11.1017,9
3.28679,9
11.8893,9
2060.72,9
616.697,9
47.52852,9
113.704,9
246.69,9
49.7876,9
141.887,9
46.2107,9
152.509,9
1461.15,9
29.7575,8
76.222,8
818.482,8
1443.09,8
1377.61,8
443.371,8
611.041,8
627.171,8
1494.3,8
285.312,8
270.854,8
1540.43,8
983.174,8
1732.91,8
984.187,8
1051.53,8
18.1995,8
93.1846,8
1.30119,8
7.24396,8
7.61778,8
14.3155,8
92.3831,8
4900.0,8
396.11,8
138.671,8
50.48,8
1660.45,8
820.957,8
840.182,8
854.623,8
407.216,8
274.18,8
680.583,8
125.529,8
15.1968,8
313.576,8
564.454,8
99.0504,8
348.185,8
330.739,8
496.289,8
256.011,8
141.731,8
269.183,8
364.048,8
500.258,8
146.6,8
112.467,8
181.746,8
476.703,8
134.058,8
217.107,8
26.4997,8
56.4089,8
164.742,8
115.461,8
1126.37,8
655.037,8
844.061,8
37.8619,8
140.065,8
36.9941,8
86.2279,8
136.681,8
96.5173,8
611.461,8
78.0505,8
202.943,8
33.2237,8
895.069,8
908.444,8
123.245,8
41.2441,8
109.218,8
11.5094,8
3910.0,8
2500.0,8
54.7841,8
175.631,8
454.144,8
364.512,8
756.486,8
231.828,8
37.433,8
108.877,8
3500.0,8
23.2599,8
26.4131,8
18.23817,8
136.308,8
41.8727,8
16.9043,8
629.27,8
28.1989,8
67.4386,8
1212.45,8
127.591,8
101.368,8
48.0883,8
55.4847,8
1819.17,8
93.5015,8
50.6078,8
1800.82,8
213.982,8
132.096,8
334.967,8
243.935,8
360.911,8
27.561,8
53.4884,8
34.2802,8
57.1289,8
50.0475,8
23.606,8
13.1277,8
33.255,8
19.552,8
307.47,8
145.701,8
192.69,8
1188.54,8
24.3323,8
1355.54,8
107.518,8
315.014,8
717.597,8
39.2503,8
847.536,8
6500.0,8
6600.0,8
64.7414,8
45.1342,8
53.1119,8
45.0858,8
44.8113,8
111.659,8
228.422,8
101.26,8
365.581,8
200.394,8
22.4793,8
102.564,8
818.759,8
247.771,8
1506.36,8
27.7843,8
3200.0,8
857.14,8
584.142,8
721.105,8
4.30592,8
100.588,8
754.258,8
851.595,8
596.24,8
529.596,8
99.1596,8
763.662,8
1360.63,8
326.362,8
519.229,8
134.188,8
1395.13,8
402.947,8
1366.18,8
1621.56,7
2055.82,7
909.037,7
1030.11,7
1177.53,7
885.913,7
1344.29,7
1910.77,7
1771.31,7
667.405,7
297.017,7
876.3,7
194.459,7
211.211,7
54.9149,7
22.7188,7
127.28,7
116.046,7
123.801,7
122.362,7
329.309,7
635.722,7
360.313,7
82.9613,7
25.8618,7
58.2609,7
84.5362,7
169.422,7
111.059,7
36.0118,7
364.411,7
376.658,7
269.898,7
6000.0,7
207.49,7
249.742,7
35.9715,7
28.2938,7
41.8316,7
148.187,7
62.699,7
113.825,7
221.753,7
411.923,7
247.637,7
110.567,7
94.8625,7
27.0498,7
67.7855,7
165.76,7
48.4549,7
40.5468,7
312.202,7
47.7223,7
42.2029,7
187.222,7
92.5087,7
75.2363,7
44.0304,7
410.607,7
139.268,7
160.125,7
63.0484,7
43.6197,7
10.7612,7
109.055,7
190.953,7
37.0169,7
135.292,7
22.5279,7
17.9412,7
493.992,7
383.829,7
202.218,7
13.5956,7
155.121,7
112.09,7
79.5702,7
131.849,7
70.7832,7
110.527,7
101.321,7
25.1496,7
29.8424,7
21.9814,7
2600.0,7
52.9051,7
105.779,7
55.6146,7
54.9004,7
442.813,7
194.553,7
251.303,7
321.084,7
61.8736,7
431.052,7
488.66,7
31.5262,7
68.1509,7
51.3444,7
77.9693,7
51.1659,7
283.502,7
113.064,7
331.213,7
36.18,7
103.029,7
322.037,7
412.98,7
764.889,7
257.443,7
138.018,7
168.652,7
55.4401,7
85.4321,7
184.031,7
45.935,7
1072.3,7
48.9489,7
59.182,7
10.5298,7
177.291,7
86.7467,7
449.237,7
82.9631,7
210.252,7
240.726,7
249.102,7
750.93,7
1204.54,7
701.255,7
132.345,7
85.7183,7
768.771,7
338.386,7
6100.0,7
685.2,7
48.9102,7
100.576,7
137.178,7
347.097,7
605.631,7
1373.83,7
449.351,7
360.468,7
460.899,7
479.263,7
1527.56,7
1042.45,7
492.847,7
521.791,7
484.601,7
232.964,7
268.685,7
495.317,7
798.595,7
1494.39,7
842.492,7
1004.55,7
1076.48,7
1002.12,7
193.903,7
2617.35,7
697.253,7
1277.32,7
316.819,7
405.732,7
852.062,7
189.469,7
49.9605,7
362.715,7
59.2474,7
153.856,7
709.999,7
434.754,7
428.514,7
904.702,7
905.069,7
421.152,7
121.89,7
391.537,7
638.7,7
411.211,7
528.825,7
440.089,7
344.05,7
5.921535,7
12.356,7
508.201,7
620.091,7
713.733,7
328.007,7
408.007,7
62.4491,7
290.684,7
11.9407,7
44.0622,7
436.488,7
109.888,7
314.35,7
418.395,7
506.965,7
161.4,7
141.837,7
199.173,7
192.516,7
11.9315,7
102.275,7
12.0445,7
12.6631,7
6.47249,7
4.54896,7
6900.0,7
7.03149,7
20.4332,7
125.321,7
609.818,7
151.398,7
360.921,7
39.8883,6
21.1999,6
76.7556,6
84.7883,6
587.659,6
342.394,6
62.5785,6
158.66,6
281.742,6
151.068,6
73.4603,6
47.4017,6
40.4256,6
300.64,6
137.544,6
370.284,6
14.2358,6
117.908,6
132.184,6
360.36,6
150.292,6
157.963,6
88.8047,6
23.7262,6
44.9565,6
786.439,6
204.455,6
197.572,6
275.664,6
499.891,6
468.771,6
252.318,6
990.838,6
177.945,6
40.3303,6
352.181,6
122.91,6
142.488,6
152.601,6
136.759,6
58.6212,6
1038.41,6
6.24442,6
108.5,6
9.41263,6
27.1701,6
105.58,6
65.6668,6
33.1944,6
6300.0,6
227.881,6
153.647,6
26.1548,6
142.024,6
109.86,6
149.216,6
316.678,6
347.917,6
871.096,6
200.802,6
561.93,6
40.4841,6
105.168,6
246.353,6
24.0572,6
567.187,6
182.273,6
26.4927,6
19.8782,6
232.801,6
27.1665,6
233.514,6
72.7998,6
3.37454,6
272.297,6
74.7969,6
20.8065,6
20.5266,6
28.4712,6
106.307,6
1627.63,6
105.096,6
287.188,6
135.374,6
55.8716,6
50.5103,6
300.384,6
277.278,6
31.5666,6
21.0974,6
69.7311,6
202.078,6
67.5478,6
611.804,6
15.1285,6
202.585,6
95.5483,6
182.983,6
57.1463,6
34.4603,6
933.377,6
15.2354,6
1515.26,6
2501.75,6
274.3,6
1148.93,6
11.0143,6
162.481,6
84.3552,6
89.2721,6
69.4798,6
290.404,6
398.276,6
174.818,6
78.4293,6
6.26022,6
123.739,6
159.259,6
361.155,6
515.458,6
68.192,6
109.557,6
73.5977,6
36.69117,6
3.56106,6
20.373,6
399.017,6
211.877,6
314.995,6
790.663,6
115.557,6
62.5388,6
139.611,6
214.753,6
375.31,6
85.6009,6
62.4112,6
350.351,6
488.152,6
360.76,6
255.206,6
390.594,6
666.802,6
58.0844,6
110.103,6
30.9939,6
55.2884,6
5900.0,6
856.436,6
513.011,6
746.138,6
944.603,6
464.469,6
451.769,6
494.182,6
341.925,6
511.388,6
3.71207,6
523.756,6
136.426,6
20.5121,6
377.822,6
491.242,6
269.912,6
63.3574,6
201.224,6
72.0691,6
324.683,5
139.135,5
95.9863,5
250.121,5
162.552,5
49.352,5
40.0654,5
113.181,5
55.5211,5
42.5775,5
3.83078,5
156.456,5
61.7856,5
183.857,5
32.4459,5
78.6381,5
105.18,5
298.392,5
177.504,5
6890.0,5
5.00671,5
15.5575,5
235.867,5
392.872,5
606.128,5
279.86,5
738.519,5
405.238,5
268.357,5
375.67,5
476.882,5
283.971,5
421.855,5
7070.0,5
122.115,5
80.6665,5
71.2423,5
45.0293,5
56.433,5
45.6181,5
77.5586,5
298.64,5
22.8386,5
392.791,5
116.593,5
190.81,5
416.459,5
624.368,5
137.94,5
748.585,5
25.3284,5
1060.97,5
130.72,5
114.865,5
200.492,5
8.03625,5
204.277,5
39.6345,5
27.9276,5
253.026,5
198.604,5
18.1037,5
401.319,5
697.004,5
48.9739,5
76.5217,5
115.936,5
147.476,5
246.384,5
248.46,5
1744.6,5
240.707,5
62.7792,5
58.742,5
300.247,5
427.678,5
23.7324,5
190.72,5
645.294,5
629.161,5
109.677,5
4410.0,5
67.8349,5
62.758,5
458.139,5
463.88,5
91.1538,5
94.1719,5
324.54,5
273.703,5
226.399,5
25.8557,5
283.29,5
336.25,5
53.112,5
402.915,5
154.961,5
925.214,5
1176.12,5
45.5352,5
232.98,5
410.149,5
64.6498,5
122.066,5
1539.71,5
179.461,5
871.493,5
188.175,5
629.51,5
184.131,5
116.334,5
235.045,5
148.934,5
497.823,5
48.3367,5
557.993,5
239.289,5
90.0562,5
694.734,5
114.166,5
20.1903,5
4.471,5
151.169,5
189.011,5
15.2142,5
166.147,5
150.21,5
90.5494,5
369.926,5
20.2695,5
64.2308,5
5800.0,5
160.679,5
80.4373,5
182.192,5
336.267,5
336.608,5
168.067,5
453.099,5
145.798,5
206.608,5
185.55,5
696.1,5
37.6153,5
124.68,5
81.2271,5
88.9482,5
14.5324,5
101.694,5
79.5515,5
114.637,5
180.697,5
127.061,5
264.995,5
271.277,5
73.58352,5
23.6062,5
16.6186,5
22.4751,5
78.6562,5
166.169,5
216.526,5
159.507,5
95.1274,5
817.192,5
872.92,5
14.9545,5
18.1459,5
9.67315,5
16.9287,5
676.579,5
209.839,5
738.553,5
269.126,5
349.881,5
313.764,5
457.125,5
75.1703,5
190.422,5
568.117,5
60.6679,5
41.9176,5
225.734,5
375.647,5
185.932,5
33.3631,5
258.699,5
311.313,5
517.534,5
513.877,5
271.103,5
81.4893,5
82.3432,5
77.1971,5
97.2305,5
46.7789,5
7150.0,5
4600.0,5
94.6177,5
44.4264,5
108.875,5
421.636,5
49.3855,5
223.465,5
128.438,5
6.97107,5
27.3644,5
417.365,5
575.889,5
352.464,5
66.4321,5
396.913,5
110.561,5
86.0386,5
264.213,5
41.9091,5
90.6545,5
1382.89,5
302.819,5
69.8683,5
118.011,5
50.0177,5
396.332,5
44.526,5
234.149,4
32.6081,4
235.479,4
68.0726,4
268.43,4
218.05,4
126.261,4
153.192,4
208.696,4
149.942,4
466.433,4
290.946,4
43.1448,4
18.3554,4
78.7577,4
212.902,4
266.864,4
11.8728,4
12.21,4
398.505,4
137.043,4
421.408,4
738.136,4
156.951,4
197.996,4
381.174,4
302.448,4
523.337,4
435.156,4
73.3055,4
283.659,4
191.649,4
600.0,4
122.324,4
343.99,4
1195.98,4
306.779,4
48.4809,4
114.549,4
62.3446,4
238.768,4
158.649,4
46.0891,4
340.543,4
6620.0,4
119.137,4
335.985,4
27.9956,4
4200.0,4
6700.0,4
175.713,4
321.722,4
298.214,4
559.084,4
200.075,4
38.5653,4
489.368,4
453.567,4
201.856,4
320.336,4
172.256,4
301.462,4
27.5024,4
63.9262,4
356.391,4
322.148,4
609.128,4
308.262,4
117.598,4
212.472,4
162.408,4
75.1691,4
161.498,4
188.546,4
81.6696,4
73.8713,4
34.2376,4
224.731,4
22.6202,4
280.555,4
743.972,4
123.202,4
77.6888,4
4400.0,4
64.9172,4
45.1309,4
407.84,4
144.202,4
176.965,4
647.595,4
446.442,4
218.121,4
830.822,4
5100.0,4
2000.0,4
59.7117,4
263.145,4
448.637,4
730.933,4
516.543,4
52.616,4
12.4814,4
14.8846,4
99.523,4
22.0337,4
55.419,4
80.5407,4
38.0749,4
141.812,4
142.867,4
341.997,4
178.68,4
414.234,4
275.587,4
60.798,4
342.831,4
51.2993,4
105.155,4
79.5561,4
95.3906,4
185.947,4
610.176,4
436.098,4
91.299,4
355.513,4
111.276,4
35.2736,4
411.719,4
355.683,4
152.892,4
24.7399,4
209.071,4
64.6353,4
67.4872,4
376.233,4
79.208,4
82.6603,4
203.788,4
278.412,4
125.463,4
103.297,4
155.141,4
114.173,4
602.236,4
327.506,4
371.823,4
32.1585,4
51.4736,4
524.993,4
687.973,4
195.149,4
176.818,4
568.42,4
539.36,4
538.11,4
757.84,4
732.409,4
41.3342,4
318.81,4
325.4,4
394.083,4
381.878,4
170.696,4
37.4418,4
323.335,4
3090.0,4
41.1166,4
14.0022,4
130.855,4
138.367,4
395.398,4
540.773,4
666.589,4
1322.51,4
199.581,4
33.9902,4
310.841,4
343.08,4
288.326,4
715.383,4
20.1852,4
107.272,4
64.411,4
165.184,4
305.603,4
627.066,4
303.941,4
423.552,4
55.8535,4
663.231,4
325.377,4
327.602,4
960.109,4
1477.98,4
1080.15,4
794.637,4
437.495,4
253.985,4
98.0152,4
456.122,4
372.405,4
519.452,4
41.1706,4
32.6034,4
127.589,4
140.225,4
1458.83,4
414.537,4
603.955,4
679.761,4
1103.48,4
114.495,4
129.46,4
211.265,4
357.778,4
486.474,4
169.318,4
642.884,4
279.485,4
564.409,4
609.838,4
585.77,4
555.134,4
389.57,4
160.414,4
806.507,4
766.183,4
1010.28,4
453.808,4
772.11,4
32.4778,4
72.7512,4
139.484,4
146.858,4
163.678,4
319.036,4
323.265,4
508.885,4
542.251,4
371.414,4
278.514,4
446.035,4
67.5062,4
321.215,4
878.521,4
343.525,4
196.852,4
228.641,4
197.932,4
623.232,4
202.152,4
514.555,4
508.842,4
745.116,4
773.974,4
47.3924,4
80.1423,4
179.366,4
263.609,4
300.67,4
59.2293,4
161.365,4
232.1,4
342.14,4
353.891,4
535.383,4
816.988,4
861.843,4
471.158,4
639.004,4
229.518,4
400.331,4
362.273,4
800.377,4
737.668,4
1342.29,4
124.433,4
136.65,4
213.771,4
281.498,4
705.981,4
100.848,4
367.658,4
329.036,4
735.601,4
559.068,4
182.714,4
180.64,4
341.263,4
416.457,4
371.686,4
935.456,4
363.064,4
405.301,4
577.235,4
537.873,4
247.302,4
6860.0,4
85.3751,4
197.234,4
17.7886,4
290.736,4
347.85,4
272.909,4
185.605,4
757.044,4
534.889,4
134.591,4
102.483,4
201.338,4
129.356,4
143.125,4
108.449,4
663.834,4
216.056,4
275.255,4
372.632,4
121.971,4
36.7984,4
170.998,4
197.299,4
137.572,4
172.138,4
37.3312,4
39.7429,4
18.7168,4
51.6026,4
290.495,4
266.318,4
41.5504,4
126.339,4
99.451,4
300.276,4
262.706,4
228.175,4
61.5204,4
45.8846,4
28.4434,4
10.2525,4
315.211,4
246.599,4
428.785,4
27.7957,4
124.458,4
298.373,4
300.397,4
306.063,4
176.51,4
256.887,4
62.118,4
65.9501,4
32.5686,4
23.8839,4
132.214,4
56.0739,4
67.6203,4
90.4681,4
98.8765,4
222.355,4
470.878,4
72.2195,4
87.8049,4
98.1609,4
50.3503,4
15.8095,4
13.743,4
20.3779,4
3.67278,4
23.619,4
5.37484,4
85.3951,4
1231.02,4
61.4592,4
565.541,4
305.3,4
226.5,4
444.586,4
64.308,4
21.3362,4
16.9658,4
876.565,4
112.71,4
130.091,4
31.0597,4
23.6434,4
321.376,4
23.371,4
284.876,4
403.964,4
30.6796,4
113.335,4
99.5561,4
130.111,4
768.045,4
368.03,4
188.404,4
396.082,4
1672.94,4
112.537,4
38.77472,4
89.0472,4
149.667,4
132.353,4
114.048,4
33.8281,3
21.8182,3
200.727,3
523.055,3
121.63,3
57.3063,3
66.3294,3
138.411,3
76.4986,3
505.703,3
93.7345,3
129.804,3
82.1733,3
21.1916,3
121.402,3
75.116,3
36.708,3
414.708,3
147.03,3
456.064,3
703.616,3
300.141,3
284.388,3
222.852,3
285.895,3
217.193,3
366.987,3
277.899,3
197.906,3
27.483,3
79.7634,3
421.745,3
558.141,3
30.6203,3
655.013,3
423.84,3
69.3649,3
74.6788,3
108.932,3
717.128,3
22.4731,3
301.676,3
319.632,3
334.993,3
205.387,3
47.5501,3
209.229,3
980.0,3
521.716,3
31.6354,3
339.605,3
383.846,3
63.0637,3
225.643,3
561.929,3
94.0349,3
58.5146,3
22.5455,3
455.82,3
645.158,3
261.834,3
30.0346,3
57.3973,3
173.117,3
80.6532,3
338.84,3
348.815,3
403.458,3
651.897,3
527.789,3
389.916,3
485.219,3
113.048,3
72.811,3
150.124,3
551.886,3
321.296,3
4.84867,3
122.799,3
193.499,3
215.986,3
265.471,3
149.464,3
109.237,3
43.932,3
344.045,3
393.443,3
57.0225,3
597.873,3
64.6692,3
350.343,3
494.818,3
312.674,3
460.995,3
661.873,3
1139.55,3
233.22,3
403.591,3
202.929,3
627.158,3
187.234,3
537.963,3
31.0849,3
72.9105,3
95.2016,3
86.3501,3
130.46,3
328.802,3
54.5306,3
299.89,3
82.857,3
211.896,3
515.59,3
158.335,3
96.98398,3
299.389,3
194.964,3
385.689,3
436.176,3
1032.23,3
2005.76,3
589.423,3
157.998,3
576.683,3
30.5225,3
134.846,3
43.1406,3
390.484,3
756.742,3
86.4493,3
377.483,3
609.388,3
504.775,3
76.9028,3
361.857,3
566.189,3
373.675,3
200.273,3
5400.0,3
7090.0,3
7040.0,3
591.555,3
1045.18,3
523.067,3
76.1486,3
84.0126,3
23.1008,3
603.119,3
859.324,3
258.113,3
406.254,3
584.877,3
296.271,3
162.229,3
148.762,3
135.047,3
18.5226,3
348.849,3
402.63,3
7210.0,3
493.32,3
114.293,3
392.251,3
112.486,3
176.291,3
442.042,3
38.0473,3
18.2276,3
426.42,3
55.5213,3
233.266,3
390.415,3
306.144,3
165.393,3
89.637,3
35.8256,3
27.8123,3
23.9258,3
48.582,3
148.987,3
36.6113,3
285.289,3
275.265,3
438.842,3
32.4298,3
17.6297,3
158.152,3
147.866,3
87.6437,3
117.992,3
31.4566,3
360.408,3
105.719,3
313.996,3
219.614,3
210.915,3
508.686,3
134.655,3
211.247,3
860.0,3
7700.0,3
3040.0,3
5690.0,3
2300.0,3
191.51,3
59.5362,3
557.733,3
327.927,3
28.5147,3
1314.53,3
56.9686,3
33.0231,3
123.297,3
20.3167,3
57.7553,3
66.9071,3
46.0851,3
235.933,3
373.345,3
355.59,3
57.7911,3
101.251,3
51.6004,3
42.409,3
536.046,3
161.743,3
52.5122,3
788.317,3
337.064,3
19.5711,3
259.947,3
90.7402,3
6530.0,3
821.918,3
42.4048,3
75.2092,3
60.3418,3
98.4458,3
147.533,3
51.4359,3
373.078,3
111.638,3
282.308,3
233.237,3
211.43,3
382.898,3
683.062,3
942.122,3
238.377,3
36.578,3
77.682,3
303.006,3
296.46,3
198.473,3
116.685,3
32.3311,3
25.2788,3
175.748,3
65.1769,3
77.2554,3
126.46,3
236.705,3
262.041,3
32.1755,3
428.976,3
820.877,3
1096.19,3
41.7148,3
250.489,3
68.0473,3
123.415,3
118.318,3
136.667,3
45.5621,3
464.128,3
389.702,3
102.27,3
515.603,3
109.19,3
47.3444,3
3400.0,3
198.007,3
289.668,3
116.567,3
47.7465,3
52.9328,3
107.898,3
108.74,3
312.529,3
54.3258,3
128.23,3
248.504,3
71.6456,3
1200.0,3
59.4314,3
165.105,3
176.833,3
224.385,3
45.864,3
79.6682,3
415.135,3
613.422,3
672.41,3
490.61,3
477.516,3
1070.63,3
72.8871,3
226.671,3
96.6215,3
149.234,3
44.647,3
229.067,3
155.791,3
62.1274,3
96.2338,3
140.635,3
137.901,3
25.4893,3
31.9043,3
61.7804,3
57.4263,3
40.7583,3
37.2209,3
51.1884,3
7690.0,3
111.445,3
30.7947,3
100.727,3
70.9819,3
62.7146,3
1666.69,3
268.515,3
169.272,3
4800.0,3
274.96,3
208.357,3
39.7401,3
176.051,3
259.208,3
63.6796,3
91.722,3
5970.0,3
5760.0,3
6720.0,3
30.5373,3
30.5212,3
51.9503,3
121.84,3
247.054,3
225.888,3
355.54,3
480.307,3
359.439,3
182.207,3
249.303,3
261.386,3
2164.25,3
5700.0,3
1550.0,3
5370.0,3
201.918,3
148.925,3
230.306,3
41.1659,3
85.8034,3
73.3345,3
22.4467,3
91.9362,3
420.819,3
362.087,3
332.648,3
42.4061,3
55.0135,3
847.058,3
507.94,3
406.985,3
265.914,3
286.727,3
279.35,3
274.864,3
199.354,3
606.992,3
62.3804,3
229.567,3
161.61,3
431.031,3
5000.0,3
247.266,3
492.167,3
123.676,3
177.118,3
75.5759,3
107.055,3
143.59,3
68.4727,3
208.529,3
5200.0,3
7140.0,3
44.1518,3
64.5997,3
40.9128,3
57.5846,3
219.216,3
272.217,3
244.443,3
100.641,3
27.6227,3
102.551,3
168.735,3
139.49,3
118.106,3
315.363,3
916.319,3
43.4073,3
33.1562,3
218.376,3
162.306,3
2346.01,3
454.95,3
28.5321,3
281.314,3
94.6375,3
72.0238,3
58.5946,3
248.427,3
37.8932,3
37.8871,3
19.2444,3
66.3361,3
46.2122,3
58.9582,3
174.955,3
124.156,3
465.992,3
604.591,3
516.087,3
108.883,3
396.378,3
176.436,3
181.139,3
9.48637,3
228.839,3
227.775,3
191.608,3
64.0065,3
69.5737,3
45.1372,3
401.229,3
24.7359,3
32.413,2
111.093,2
24.7774,2
24.7974,2
9.58341,2
21.82353,2
66.0613,2
109.406,2
285.584,2
555.546,2
90.5369,2
253.385,2
11.2103,2
380.0,2
189.875,2
5260.0,2
47.0648,2
137.734,2
196.765,2
5830.0,2
747.959,2
6980.0,2
35.9098,2
33.2673,2
34.6011,2
61.3603,2
56.163,2
43.3475,2
57.7807,2
49.3305,2
129.966,2
365.605,2
103.335,2
61.12469,2
260.036,2
120.311,2
94.0424,2
52.0648,2
30.3288,2
7600.0,2
7290.0,2
5950.0,2
50.1677,2
61.4925,2
55.0375,2
66.3217,2
654.085,2
285.162,2
7680.0,2
111.542,2
209.309,2
40.2707,2
7060.0,2
5650.0,2
7580.0,2
114.816,2
49.1661,2
67.9328,2
99.731,2
6390.0,2
50.1928,2
49.8063,2
117.807,2
298.219,2
3800.0,2
6330.0,2
6780.0,2
6320.0,2
6280.0,2
233.586,2
161.183,2
61.7957,2
104.935,2
59.36767,2
31.2707,2
3930.0,2
500.497,2
5720.0,2
64.4527,2
41.0014,2
8240.0,2
4550.0,2
7790.0,2
57.55687,2
4230.0,2
15.9702,2
517.687,2
61.7477,2
86.6159,2
83.0919,2
4700.0,2
707.303,2
6200.0,2
7120.0,2
3790.0,2
5080.0,2
39.9934,2
265.155,2
3680.0,2
2670.0,2
6400.0,2
4080.0,2
6950.0,2
6090.0,2
48.9716,2
80.2349,2
60.7993,2
224.146,2
31.395,2
64.3399,2
39.8979,2
113.6,2
234.027,2
162.127,2
108.337,2
5120.0,2
3600.0,2
1300.0,2
3150.0,2
515.818,2
544.024,2
3100.0,2
4100.0,2
4000.0,2
2760.0,2
6630.0,2
6640.0,2
52.5829,2
144.019,2
61.936,2
107.214,2
35.4438,2
786.485,2
898.168,2
1040.28,2
592.891,2
1074.95,2
521.233,2
1093.69,2
159.537,2
852.793,2
7720.0,2
43.6002,2
100.947,2
154.969,2
15.4744,2
107.188,2
4670.0,2
1760.0,2
2400.0,2
2700.0,2
7490.0,2
115.665,2
143.5376,2
56.518,2
82.4251,2
255.795,2
57.7995,2
48.249,2
101.166,2
38.9679,2
31.7627,2
53.2528,2
60.1977,2
39.3466,2
66.2663,2
47.874,2
43.465,2
155.317,2
144.49,2
2800.0,2
810.0,2
7380.0,2
15.7606,2
17.94686,2
773.409,2
52.5697,2
44.9543,2
10.2295,2
53.622,2
107.118,2
7010.0,2
38.6846,2
48.9884,2
55.4156,2
116.506,2
70.0837,2
55.2411,2
42.5279,2
44.3804,2
62.07324,2
290.646,2
165.642,2
6710.0,2
7710.0,2
8.60715,2
190.374,2
10.8864,2
1123.21,2
925.958,2
16.009,2
305.684,2
706.391,2
37.0788,2
337.741,2
84.7002,2
197.243,2
65.6138,2
5910.0,2
4150.0,2
624.512,2
34.8523,2
9.9105,2
184.943,2
6480.0,2
16.29015,2
22.48,2
3840.0,2
15.5489,2
363.66,2
15.9611,2
40.0765,2
38.5208,2
41.3107,2
52.5973,2
128.484,2
131.875,2
37.6604,2
324.448,2
40.3661,2
101.766,2
124.953,2
90.0525,1
310.286,1
63.7763,1
279.503,1
296.263,1
310.94,1
102.325,1
66.5313,1
6633.0,1
6370.0,1
6333.0,1
5630.0,1
3630.0,1
830.0,1
700.0,1
6070.0,1
6580.0,1
6190.0,1
4050.0,1
7220.0,1
7440.0,1
473.339,1
468.609,1
292.065,1
742.0,1
1735.0,1
967.0,1
937.0,1
950.0,1
1229.0,1
674.0,1
7470.0,1
7450.0,1
6705.0,1
3460.0,1
6483.0,1
6039.0,1
5840.0,1
3.29,1
110.27,1
258.84,1
153.546,1
29.4898,1
103.632,1
7020.0,1
6840.0,1
6760.0,1
6470.0,1
7300.0,1
31.3033,1
1660.0,1
1040.0,1
1270.0,1
1580.0,1
9.83614,1
160.578,1
4310.0,1
219.439,1
81.3448,1
500.228,1
2531.69,1
142.52,1
211.793,1
517.691,1
221.809,1
122.604,1
4170.0,1
873.0,1
1296.0,1
1277.0,1
339.31,1
268.459,1
45.23,1
377.369,1
21.7912,1
44.0931,1
789.0,1
77.6518,1
248.44,1
300.374,1
395.438,1
310.173,1
322.31,1
270.038,1
968.455,1
754.267,1
6120.0,1
9.31623,1
181.562,1
123.141,1
164.078,1
138.522,1
6921.0,1
6555.0,1
3320.0,1
2931.0,1
2649.0,1
2895.0,1
3441.0,1
2607.0,1
2740.0,1
3760.0,1
3380.0,1
450.994,1
146.821,1
136.37,1
6440.0,1
4880.0,1
5090.0,1
6421.0,1
4530.0,1
7160.0,1
7030.0,1
4240.0,1
3573.0,1
49.0297,1
565.814,1
56.2703,1
333.559,1
117.293,1
690.0,1
56.9931,1
112.33,1
33.524,1
104.988,1
73.2052,1
1240.0,1
7170.0,1
6430.0,1
560.0,1
8600.0,1
8800.0,1
22.0671,1
167.242,1
208.061,1
325.626,1
850.0,1
1920.0,1
2200.0,1
8300.0,1
7900.0,1
7810.0,1
1000.0,1
7050.0,1
87.0359,1
150.862,1
59.3321,1
378.674,1
12.9097,1
109.603,1
6680.0,1
1220.0,1
6570.0,1
7230.0,1
1120.0,1
800.0,1
3130.0,1
3050.0,1
322.341,1
251.899,1
356.262,1
98.3836,1
37.4764,1
463.775,1
7560.0,1
5300.0,1
3550.0,1
3590.0,1
1510.0,1
1490.0,1
8100.0,1
4680.0,1
3770.0,1
3860.0,1
486.986,1
73.3639,1
39.9089,1
307.379,1
25.4781,1
28.2886,1
2570.0,1
2710.0,1
338.851,1
6730.0,1
399.648,1
50.2681,1
571.904,1
60.5008,1
32.9037,1
389.422,1
363.449,1
127.697,1
4500.0,1
6660.0,1
5230.0,1
5140.0,1
4970.0,1
2900.0,1
3900.0,1
911.0,1
2220.0,1
6380.0,1
8200.0,1
6850.0,1
6830.0,1
3490.0,1
4380.0,1
4019.0,1
1730.0,1
1790.0,1
2080.0,1
5560.0,1
49.3942,1
414.354,1
2112.16,1
161.362,1
956.442,1
116.753,1
92.6148,1
250.393,1
28.7143,1
151.897,1
3510.0,1
3690.0,1
5280.0,1
3270.0,1
5420.0,1
7481.0,1
37.5603,1
25.6337,1
2940.0,1
7730.0,1
3730.0,1
8060.0,1
7930.0,1
8120.0,1
6740.0,1
6770.0,1
4705.0,1
5015.0,1
1161.0,1
3220.0,1
6750.0,1
148.988,1
19.7109,1
6651.0,1
6260.0,1
204.855,1
3410.0,1
3560.0,1
2930.0,1
3190.0,1
55.1839,1
5550.0,1
58.6665,1
41.2313,1
98.5295,1
286.454,1
255.079,1
4540.0,1
4140.0,1
4620.0,1
3210.0,1
3780.0,1
4480.0,1
257.159,1
62.32098,1
351.904,1
266.552,1
7530.0,1
2250.0,1
5060.0,1
3950.0,1
5670.0,1
7250.0,1
6030.0,1
7740.0,1
7650.0,1
81.2173,1
6960.0,1
804.0,1
6110.0,1
5290.0,1
34.1844,1
5915.0,1
5810.0,1
7660.0,1
6910.0,1
7620.0,1
56.139,1
54.7909,1
340.555,1
6080.0,1
5960.0,1
90.7246,1
55.2151,1
34.004,1
17.8088,1
42.2198,1
5070.0,1
6920.0,1
2970.0,1
3060.0,1
2860.0,1
655.937,1
337.54,1
41.6823,1
17.7019,1
6790.0,1
6490.0,1
6540.0,1
773.0,1
6220.0,1
7880.0,1
4070.0,1
3010.0,1
2870.0,1
6170.0,1
252.279,1
238.051,1
121.356,1
233.688,1
285.589,1
237.141,1
68.1233,1
242.796,1
29.6799,1
54.625,1
105.405,1
324.425,1
328.441,1
386.395,1
124.072,1
237.784,1
488.504,1
48.894,1
55.2571,1
7400.0,1
5450.0,1
1930.0,1
1960.0,1
2640.0,1
2560.0,1
2510.0,1
182.61,1
32.3363,1
77.1953,1
54.9057,1
89.915,1
12.4773,1
117.435,1
74.812,1
675.877,1
429.0,1
505.0,1
120.61,1
230.0,1
184.518,1
6687.0,1
6357.0,1
890.0,1
406.087,1
34.1154,1
100.862,1
100.158,1
13.4706,1
21.1103,1
98.0935,1
97.775,1
22.03614,1
30.9323,1
558.259,1
97.5272,1
405.14,1
90.4778,1
302.069,1
