,st_mass,st_lum
1,2.09,1.978
4,0.69,-0.874
6,2.7,2.243
19,1.78,1.84
20,2.2,1.763
29,0.91,-0.153
33,1.07,-0.155
34,0.91,-0.204
43,0.9,-0.15
51,0.96,0.143
59,0.98,0.076
61,1.03,0.097
62,1.04,0.196
76,1.02,0.23
82,1.22,2.254
87,2.3,1.602
88,2.1,1.634
93,0.85,-0.37
95,0.62,-0.403
96,0.85,-0.37
100,0.99,1.774
101,1.05,1.877
103,1.54,1.164
110,0.4,-1.72
111,0.35,-1.838
113,0.11,-2.23
115,0.24,-2.357
116,0.04,-2.64
117,0.05,-2.59
118,0.29,-2.221
119,0.26,-2.246
120,0.17,-1.164
121,0.62,-1.388
123,0.2,-2.444
125,0.59,-1.568
129,0.19,-2.561
136,0.64,-1.168
138,0.63,-1.009
142,1.42,0.617
146,1.21,0.379
171,1.06,0.198
176,1.06,0.233
187,1.57,0.763
188,0.53,-1.389
189,1.65,0.752
190,1.75,0.85
202,1.03,0.136
218,1.05,0.161
233,0.9,-0.197
239,0.26,-2.108
248,0.91,-0.235
258,0.96,-0.18
260,1.7,1.176
261,1.32,1.119
269,0.98,-0.078
272,0.94,-0.095
275,0.94,-0.06
277,0.88,-0.095
288,0.93,-0.085
296,1.44,1.121
297,1.52,1.053
298,1.89,1.079
306,1.34,1.063
308,1.09,0.451
311,1.1,0.501
326,0.96,0.483
330,1.92,1.714
331,2.49,1.73
336,0.56,-1.256
344,1.23,1.76
349,2.4,1.778
359,1.9,1.492
360,2.4,1.771
366,0.84,-0.224
367,0.9,-0.4
371,1.29,0.247
373,1.27,0.29
385,0.5,-1.046
386,0.5,-1.046
389,0.5,-1.046
391,0.54,-1.046
393,0.51,-1.038
396,0.6,-0.99
400,1.14,2.7
403,0.86,-0.32
405,0.79,-0.425
408,1.08,1.57
412,1.1,2.01
417,2.8,3.17
418,0.8,1.96
422,1.0,0.154
423,0.96,-0.056
428,0.85,-0.399
430,0.74,1.69
433,0.74,1.69
436,1.09,1.64
440,1.52,1.47
441,0.85,-0.313
443,1.0,0.356
444,0.83,-0.449
446,0.85,-0.413
449,0.7,-1.022
450,0.57,-0.959
451,0.63,-0.946
454,0.78,-0.634
457,1.0,-0.313
458,0.92,-0.192
468,0.65,-0.804
469,0.66,-0.888
470,0.59,-0.886
477,1.41,1.06
478,1.44,1.101
479,0.99,0.09
482,0.74,-0.651
483,0.74,-0.678
489,0.64,-0.875
490,0.57,-0.921
492,0.68,-0.87
493,0.16,-2.533
494,0.17,-2.531
496,0.01,-2.85
499,0.9,-0.108
502,0.38,-1.744
503,0.37,-1.732
517,1.26,0.389
522,0.84,-0.762
527,1.26,0.564
534,1.02,0.014
535,1.0,0.07
546,1.08,0.154
547,1.05,0.319
554,0.79,-0.112
565,0.88,-0.17
567,0.97,-0.135
570,1.21,0.544
572,1.03,0.425
585,0.52,-1.331
588,0.97,-0.131
592,0.94,0.113
596,1.1,0.17
602,1.02,0.123
608,0.95,0.544
610,0.77,-0.504
614,1.23,0.433
621,1.01,0.25
628,0.9,-0.094
632,1.36,0.589
638,1.04,-0.003
643,0.94,0.516
645,1.05,0.362
646,1.34,0.813
656,1.21,0.236
660,1.21,0.345
665,0.99,0.18
666,1.19,0.204
675,0.9,-0.289
683,0.89,-0.4
684,0.87,-0.699
687,0.99,-0.142
695,1.06,0.011
696,1.08,-0.155
701,0.42,-1.574
705,0.68,-0.212
709,1.17,0.317
713,1.3,0.773
716,1.44,0.104
723,1.3,0.45
724,1.25,0.459
725,1.22,0.431
730,0.94,-0.154
731,1.01,-0.14
736,0.74,-0.516
743,0.45,-1.508
746,0.93,-0.049
751,0.74,-0.695
754,1.02,-0.026
757,0.73,-0.364
759,0.77,-0.592
768,1.03,-0.147
776,0.36,-1.73
781,0.63,-0.956
788,0.22,-2.088
791,0.79,-0.533
802,0.59,-1.169
806,0.61,-1.153
814,1.16,0.373
823,0.83,-0.467
828,1.08,0.214
832,0.85,-0.47
844,1.13,0.038
846,1.0,-0.124
853,0.72,-0.751
854,0.95,-0.009
860,0.93,-0.119
865,0.98,-0.073
870,0.42,-1.612
873,1.07,0.03
876,1.32,0.526
878,0.45,-1.356
880,1.34,0.691
885,0.89,0.406
887,0.05,-0.699
888,0.52,-1.425
889,0.29,-1.99
890,0.3,-1.972
892,0.29,-1.971
893,0.29,-1.915
896,0.12,-2.879
897,0.12,-2.852
899,0.12,-2.77
900,0.13,-2.808
906,0.19,-2.321
907,0.18,-2.359
909,0.2,-2.282
910,0.18,-2.359
912,0.34,-1.869
913,0.35,-1.699
918,0.17,-2.463
921,0.16,-2.48
926,0.18,-2.431
928,0.18,-2.312
931,0.18,-2.409
933,0.15,-2.553
937,0.18,-2.337
939,0.16,-2.484
941,0.38,-1.708
946,0.38,-1.667
950,0.18,-2.439
954,0.68,-0.638
955,0.76,-0.706
957,0.73,-0.687
959,0.73,-0.686
960,0.76,-0.733
965,0.16,-2.411
970,0.38,-1.663
971,0.38,-1.655
977,0.38,-1.699
979,0.58,-0.921
980,0.68,-0.842
982,0.69,-0.796
984,0.4,-1.708
985,0.4,-1.695
986,0.38,-1.699
991,0.36,-1.796
993,0.36,-1.814
995,0.36,-1.699
998,0.41,-1.609
999,0.39,-1.523
1000,0.43,-1.886
1004,0.96,0.612
1006,0.62,-0.886
1007,0.57,-0.959
1011,0.48,-1.222
1013,0.58,-1.553
1023,0.42,-1.624
1025,0.42,-1.616
1026,0.41,-1.523
1029,0.36,-1.772
1030,0.35,-1.789
1035,0.35,-1.699
1037,0.46,-1.301
1038,0.53,-1.585
1041,0.52,-1.348
1042,0.29,-2.056
1048,0.32,-2.0
1049,0.97,-0.189
1051,0.9,-0.18
1055,0.94,-0.2
1058,0.9,-0.174
1066,0.42,-1.523
1067,0.46,-1.463
1069,0.52,-1.373
1070,0.45,-1.301
1072,0.52,-1.342
1074,0.55,-1.0
1076,0.62,-1.059
1078,0.68,-1.347
1079,0.42,-1.687
1088,0.63,-1.044
1090,0.55,-1.0
1091,0.65,-1.08
1095,0.45,-1.577
1096,0.42,-1.658
1097,0.42,-1.658
1101,0.16,-2.569
1102,0.46,-1.514
1104,0.47,-1.538
1112,0.55,-1.097
1117,0.64,-1.101
1118,0.69,-1.103
1123,0.58,-1.097
1125,0.64,-1.101
1131,0.5,-1.446
1133,0.54,-1.538
1134,0.51,-1.538
1137,0.11,-2.969
1140,0.34,-1.857
1144,0.36,-1.824
1145,0.13,-2.809
1147,0.12,-2.804
1148,0.34,-1.699
1149,0.35,-1.761
1155,0.34,-1.798
1158,0.45,-1.699
1159,0.45,-1.543
1163,0.42,-1.523
1164,0.46,-1.539
1166,0.45,-1.541
1167,0.45,-1.53
1168,0.25,-2.086
1171,0.27,-2.062
1172,0.31,-1.963
1173,0.31,-1.919
1175,0.31,-1.937
1176,0.43,-1.573
1179,0.4,-1.523
1182,0.43,-1.571
1183,0.57,-1.205
1184,0.63,-1.12
1187,0.5,-1.155
1188,0.18,-2.41
1189,0.18,-2.395
1190,0.45,-1.398
1191,0.52,-1.356
1193,0.5,-1.387
1196,0.39,-1.658
1199,0.39,-1.699
1202,0.39,-1.71
1224,0.54,-1.341
1227,0.59,-0.886
1230,0.65,-0.924
1233,0.54,-1.319
1234,0.64,-0.863
1236,0.36,-1.768
1239,0.36,-1.699
1241,0.35,-1.959
1245,0.41,-1.706
1246,0.4,-1.743
1250,0.42,-1.523
1251,0.47,-1.475
1253,0.48,-1.469
1256,0.48,-1.699
1267,0.44,-1.62
1275,0.45,-1.585
1280,0.4,-1.523
1281,0.42,-1.633
1284,0.47,-1.523
1285,0.42,-1.523
1286,0.41,-1.523
1289,0.45,-1.612
1292,0.33,-1.916
1293,0.34,-2.0
1295,0.31,-1.932
1298,0.32,-1.917
1300,0.31,-1.939
1303,1.22,0.332
1316,1.12,0.338
1327,1.29,0.36
1336,0.51,-1.367
1341,0.45,-1.398
1343,0.5,-1.371
1345,0.44,-1.398
1349,0.51,-1.373
1352,0.52,-1.377
1357,0.33,-2.0
1360,0.31,-1.885
1364,0.31,-1.886
1365,0.31,-1.886
1368,0.32,-1.788
1369,0.34,-2.0
1370,0.3,-1.894
1373,0.51,-1.361
1376,0.54,-1.365
1378,0.46,-1.301
1379,0.51,-1.359
1388,0.33,-1.863
1391,0.59,-0.886
1394,0.33,-1.854
1400,0.35,-1.77
1401,0.35,-1.796
1403,0.35,-1.699
1407,0.29,-2.031
1411,0.63,-1.079
1413,0.56,-0.959
1418,0.27,-2.699
1420,0.31,-2.0
1421,0.27,-2.056
1425,0.49,-1.222
1426,0.55,-1.251
1428,0.55,-1.253
1437,0.41,-1.672
1439,0.38,-1.699
1443,0.27,-2.019
1444,0.58,-1.173
1445,0.57,-1.217
1446,0.51,-1.155
1450,0.53,-1.291
1452,0.46,-1.301
1454,0.58,-1.206
1460,0.58,-1.195
1461,0.5,-1.155
1462,0.41,-1.585
1464,0.4,-1.523
1466,0.42,-1.576
1471,0.41,-1.523
1477,0.45,-1.585
1488,0.49,-1.553
1489,0.45,-1.59
1490,0.46,-1.583
1491,0.42,-1.523
1498,0.8,-0.377
1502,0.88,-0.389
1513,0.32,-1.907
1514,0.37,-1.914
1520,0.34,-1.699
1522,0.33,-1.886
1523,0.34,-1.893
1525,0.49,-1.434
1529,0.54,-1.384
1531,0.44,-1.398
1537,0.39,-1.755
1541,0.3,-2.0
1543,0.58,-0.921
1551,0.15,-2.566
1553,0.15,-2.595
1559,0.55,-1.0
1560,0.6,-1.052
1564,0.57,-1.207
1566,0.5,-1.155
1567,0.59,-1.171
1568,0.59,-1.2
1569,0.48,-1.222
1573,0.66,-0.948
1581,1.68,0.727
1583,1.95,0.984
1591,0.69,-0.546
1593,0.9,-0.42
1594,0.9,-0.42
1596,0.45,-1.602
1598,0.93,-0.159
1602,1.02,0.057
1611,0.55,-1.255
1613,0.56,-1.222
1614,0.45,-1.398
1616,0.52,-1.306
1621,0.2,-2.38
1622,0.47,-1.301
1623,0.54,-1.341
1626,0.44,-1.493
1628,0.43,-1.523
1631,0.42,-1.553
1632,0.43,-1.53
1633,0.41,-1.523
1636,0.24,-2.131
1637,0.24,-2.138
1638,0.24,-2.071
1640,1.12,0.18
1641,1.12,0.18
1646,1.13,0.17
1647,1.13,0.225
1650,1.21,0.46
1659,0.81,-0.585
1660,0.77,-0.567
1680,0.74,-0.68
1683,0.73,-0.68
1686,0.73,-0.678
1694,1.22,0.346
1696,1.02,0.508
1699,1.43,0.644
1707,1.39,0.563
1709,1.32,0.592
1712,1.01,-0.129
1715,1.01,0.0
1720,1.16,0.295
1725,0.69,-0.781
1730,1.22,0.294
1732,0.86,-0.319
1735,0.92,-0.289
1744,0.77,-0.569
1745,0.77,-0.585
1748,0.84,-0.432
1751,0.81,-0.485
1752,0.83,-0.446
1758,1.3,0.485
1763,1.31,0.505
1764,1.29,0.646
1766,1.36,0.577
1770,1.33,0.53
1773,0.73,-0.73
1779,0.76,-0.721
1781,1.0,0.156
1782,0.95,0.025
1788,0.59,-1.271
1789,0.92,-0.114
1790,0.93,-0.094
1803,1.13,0.199
1806,1.08,0.166
1812,1.19,0.408
1815,1.25,0.464
1819,1.01,-0.125
1820,1.01,-0.152
1821,0.99,-0.134
1827,0.85,-0.359
1830,0.82,-0.42
1831,0.92,-0.269
1836,0.94,-0.244
1841,1.01,0.017
1842,1.02,0.053
1849,1.2,0.283
1850,1.14,0.272
1851,1.21,0.265
1854,0.92,-0.36
1856,0.94,-0.355
1859,0.26,-2.069
1864,0.92,-0.362
1866,0.89,-0.344
1867,0.93,-0.348
1875,1.25,0.417
1876,1.24,0.312
1884,1.15,0.433
1887,1.22,0.348
1890,1.13,0.338
1891,1.25,0.366
1898,1.16,0.294
1905,1.38,0.618
1908,1.4,0.689
1914,1.39,0.56
1917,1.34,0.6
1920,0.5,-1.406
1925,1.18,0.383
1927,1.24,0.407
1929,1.05,0.022
1934,0.98,-0.006
1935,1.02,0.013
1938,0.96,-0.215
1939,0.93,-0.208
1943,0.88,-0.176
1944,0.89,-0.208
1949,1.4,0.607
1954,1.32,0.681
1959,1.1,0.469
1960,1.1,0.321
1965,1.26,0.428
1967,1.26,0.43
1971,1.51,0.778
1972,1.14,0.731
1975,1.32,0.636
1976,1.42,0.628
1985,1.06,0.327
1986,1.18,0.356
1989,1.05,0.045
1995,1.01,0.06
1997,0.86,-0.182
1998,0.94,-0.194
2000,1.26,0.4
2004,0.99,0.266
2005,1.28,0.391
2006,1.76,0.764
2013,1.52,0.909
2014,1.54,0.814
2022,1.05,0.124
2023,1.16,0.187
2027,1.27,0.603
2029,1.25,0.634
2031,0.95,-0.101
2033,0.98,-0.066
2034,0.96,-0.102
2037,0.89,-0.305
2041,0.84,-0.373
2046,1.09,0.217
2048,1.12,0.155
2049,0.65,-0.819
2051,0.65,-0.902
2061,1.03,0.097
2063,1.06,0.08
2074,1.39,0.577
2077,1.48,0.658
2081,1.47,0.806
2082,1.03,0.456
2083,1.01,0.341
2085,0.99,0.071
2087,1.01,0.054
2091,1.29,0.555
2093,1.29,0.553
2099,1.5,0.702
2101,1.25,0.839
2102,1.44,0.809
2103,1.0,-0.115
2104,0.95,-0.073
2106,1.02,0.091
2108,0.99,0.133
2109,0.93,-0.146
2110,0.85,-0.187
2112,1.19,0.61
2114,1.3,0.668
2115,1.3,0.473
2118,1.08,0.488
2119,1.21,0.555
2122,1.25,0.615
2123,1.15,0.675
2124,1.64,0.939
2126,1.29,1.03
2128,0.57,-1.335
2129,0.66,-0.743
2131,0.68,-0.779
2134,1.65,1.0
2136,1.8,1.055
2144,1.47,0.69
2157,1.51,0.77
2159,1.35,0.814
2163,2.19,1.308
2164,1.89,1.223
2169,1.28,0.519
2174,1.28,0.491
2178,1.28,0.418
2181,1.28,0.41
2183,1.19,0.35
2186,1.18,0.041
2187,0.99,0.041
2191,1.07,0.222
2193,1.1,0.117
2198,1.06,0.359
2199,1.0,0.403
2206,1.49,0.863
2210,0.95,-0.284
2217,0.93,-0.142
2219,0.86,0.208
2220,0.87,-0.204
2221,0.97,0.173
2222,1.06,0.173
2225,1.05,0.261
2226,1.13,0.093
2231,1.04,-0.032
2233,1.01,-0.017
2236,0.82,-0.316
2237,0.88,-0.268
2241,0.76,-0.549
2242,0.76,-0.646
2244,1.03,0.038
2247,1.12,0.155
2251,1.07,0.19
2252,1.21,0.292
2253,1.18,0.24
2255,1.03,0.097
2257,0.99,0.068
2260,1.3,0.704
2261,1.16,0.67
2262,1.41,0.702
2263,1.42,0.669
2267,0.96,-0.13
2268,0.93,-0.157
2271,1.03,0.029
2273,0.99,0.041
2275,1.27,0.383
2276,1.21,0.456
2281,0.24,-2.079
2282,1.09,0.097
2284,1.03,0.12
2288,1.27,0.619
2289,1.15,0.541
2291,1.01,-0.024
2292,1.1,0.057
2296,1.01,0.01
2298,1.06,-0.018
2299,0.95,-0.157
2300,0.95,-0.14
2305,1.17,0.374
2306,1.32,0.465
2308,1.22,0.215
2311,1.06,0.1
2313,0.83,-0.16
2314,0.84,-0.256
2316,0.65,-0.921
2317,0.89,0.072
2320,1.01,0.066
2323,1.38,0.64
2324,1.42,0.758
2327,1.0,-0.187
2329,0.91,-0.159
2332,1.56,0.903
2333,1.36,0.86
2335,1.29,0.604
2336,1.5,0.653
2340,1.19,0.331
2341,1.27,0.425
2342,0.84,-0.398
2343,0.87,-0.314
2348,0.86,-0.398
2349,0.79,-0.411
2350,1.27,0.425
2351,1.38,0.418
2354,0.96,-0.203
2355,0.92,-0.23
2360,0.69,-0.77
2361,0.67,-0.796
2362,0.73,-0.709
2365,0.69,-0.688
2366,0.21,-2.209
2368,0.71,-0.785
2369,0.66,-0.754
2373,0.94,-0.268
2375,0.9,-0.278
2376,1.17,0.143
2377,1.03,0.168
2379,1.19,0.31
2382,1.02,0.161
2383,1.04,0.024
2385,1.11,0.068
2387,1.01,0.027
2388,0.96,0.045
2391,1.0,0.197
2392,1.05,0.115
2393,1.1,0.212
2397,1.45,0.336
2398,1.2,0.229
2400,1.57,0.898
2401,1.31,0.851
2405,0.99,-0.079
2407,1.03,-0.094
2410,1.46,0.689
2413,1.04,-0.004
2415,1.0,0.043
2419,0.59,-1.198
2420,1.0,0.299
2421,1.1,0.3
2425,0.98,0.359
2427,1.08,0.369
2428,0.9,-0.173
2430,0.95,-0.149
2432,0.93,0.012
2433,1.02,0.022
2435,1.38,0.875
2437,1.56,0.867
2440,0.47,-1.445
2441,1.23,0.379
2442,1.26,0.377
2444,1.35,0.694
2445,1.41,0.767
2449,1.44,0.547
2450,1.28,0.487
2452,1.02,0.584
2454,1.35,0.592
2455,0.86,-0.322
2457,0.89,-0.318
2460,0.82,-0.475
2461,0.85,-0.434
2466,2.13,1.336
2467,1.78,1.079
2468,0.49,-1.56
2471,0.44,-1.621
2472,0.73,-0.659
2473,0.71,-0.63
2476,0.6,-1.216
2477,0.6,-1.306
2481,0.58,-1.263
2482,0.6,-1.197
2483,0.66,-1.038
2485,0.61,-1.064
2487,0.66,-0.992
2488,0.64,-0.909
2491,0.98,0.028
2496,0.96,0.312
2499,1.03,0.23
2501,2.4,1.5
2504,2.66,1.547
2506,2.4,1.633
2510,0.61,-0.95
2513,0.97,-0.026
2514,1.0,-0.047
2519,1.01,0.021
2520,0.94,0.019
2522,1.07,0.181
2525,1.06,0.173
2528,1.06,0.172
2535,0.9,-0.387
2537,0.78,-0.33
2538,0.82,-0.337
2539,0.63,-0.911
2540,0.74,-0.31
2544,0.86,-0.326
2546,1.01,0.157
2549,1.01,0.19
2554,1.03,0.196
2558,1.1,0.124
2559,0.85,-0.284
2560,0.9,-0.331
2562,0.9,-0.31
2566,0.87,-0.328
2567,0.93,-0.334
2584,1.95,1.292
2585,0.89,-0.066
2587,0.17,-2.403
2593,1.01,-0.074
2597,0.82,-0.091
2599,0.95,-0.141
2608,1.68,1.064
2610,0.39,-1.72
2612,0.9,-0.257
2615,0.9,-0.328
2622,0.83,-0.46
2625,1.37,0.562
2630,1.33,0.544
2632,1.1,0.782
2633,1.28,0.786
2639,0.71,-0.585
2641,0.78,-0.573
2642,0.76,-0.616
2652,0.7,-0.52
2656,0.83,-0.469
2658,0.81,-0.51
2665,1.01,0.31
2671,2.3,1.778
2672,1.22,1.77
2674,1.01,0.18
2675,0.89,-0.108
2676,1.04,-0.04
2678,1.06,0.128
2680,1.05,0.108
2686,1.03,0.108
2687,1.05,0.123
2698,1.32,0.756
2705,1.03,0.35
2709,1.33,0.395
2710,1.07,0.29
2715,1.1,0.215
2716,1.2,0.168
2717,1.1,0.173
2719,1.11,0.149
2725,1.17,0.19
2731,0.93,-0.159
2734,0.9,-0.249
2736,0.86,-0.246
2738,0.89,-0.164
2741,0.97,0.09
2743,1.32,0.853
2747,1.5,0.75
2750,1.11,0.42
2759,0.99,0.477
2776,1.07,0.135
2777,1.03,0.12
2779,1.1,0.128
2782,1.27,0.286
2790,1.22,0.303
2792,1.2,0.245
2793,1.26,0.272
2795,0.72,-0.767
2798,0.87,-0.15
2799,1.02,-0.141
2810,0.89,-0.381
2815,0.42,-1.63
2820,1.85,1.225
2823,1.41,1.24
2830,1.0,0.013
2837,0.97,-0.001
2846,1.05,0.099
2850,1.05,0.301
2851,1.05,0.214
2854,1.01,-0.084
2856,1.1,0.144
2857,1.06,0.26
2862,1.13,0.19
2864,1.2,0.22
2867,1.41,1.79
2869,1.06,0.016
2871,1.08,0.072
2873,0.88,-0.307
2880,2.28,2.3
2888,0.91,-0.362
2889,0.24,-2.14
2890,1.21,0.281
2895,0.26,-2.202
2896,1.29,0.301
2900,1.03,-0.013
2905,1.07,0.377
2906,0.7,-0.158
2908,0.96,-0.157
2912,0.93,-0.131
2917,0.78,-0.161
2921,0.71,-0.166
2924,1.94,1.581
2934,1.33,0.508
2937,1.4,2.701
2938,1.15,1.647
2942,1.8,2.453
2946,1.41,0.615
2951,0.59,-0.921
2952,0.7,-1.046
2958,0.63,-0.862
2962,1.49,2.464
2966,1.38,0.584
2968,1.47,0.583
2972,0.68,-0.54
2973,0.78,-0.495
2979,0.7,-0.57
2981,0.75,-0.59
2985,0.78,-0.542
2988,1.05,0.42
2989,0.95,0.339
2990,0.34,-1.702
3007,0.94,0.334
3008,0.85,-0.377
3023,0.85,-0.411
3024,0.79,-0.413
3027,0.85,-0.372
3028,1.03,0.151
3033,1.12,0.337
3035,1.19,0.36
3036,1.24,0.33
3037,1.25,0.286
3041,1.24,0.328
3044,1.05,0.481
3053,1.58,1.053
3056,1.0,0.043
3060,0.99,0.066
3065,0.98,0.064
3084,1.05,0.18
3088,1.1,0.213
3090,1.08,0.201
3099,1.35,0.646
3100,1.05,0.643
3102,1.25,0.618
3104,1.22,0.7
3106,0.88,0.458
3114,0.91,0.459
3117,0.6,-1.098
3119,1.1,0.47
3122,2.13,1.84
3130,2.12,1.63
3134,2.66,1.797
3137,2.39,1.64
3138,2.16,1.738
3140,1.18,0.19
3144,1.13,0.185
3146,1.1,0.174
3148,1.12,0.15
3150,1.1,0.575
3154,1.16,0.338
3160,1.05,0.021
3162,0.75,-0.604
3171,0.7,-0.602
3176,0.75,-0.611
3178,0.2,-2.319
3180,1.11,0.06
3181,1.05,0.129
3185,1.1,0.001
3186,1.09,0.037
3199,1.0,-0.04
3200,0.88,-0.046
3205,1.02,0.063
3208,1.0,0.133
3215,1.1,0.033
3221,1.15,0.083
3224,0.3,-2.018
3227,0.96,0.163
3235,0.81,-0.518
3246,0.83,-0.495
3251,0.8,-0.575
3254,0.65,-0.444
3255,0.78,-0.432
3256,0.79,-0.427
3265,1.0,0.087
3274,0.9,-0.273
3280,0.93,-0.239
3281,0.88,-0.309
3287,1.61,0.991
3295,1.01,0.969
3304,1.03,0.26
3311,1.14,0.182
3315,1.23,0.374
3317,1.06,-0.013
3323,1.06,-0.017
3327,1.09,0.158
3331,1.09,0.173
3333,1.09,0.16
3335,1.07,0.201
3337,0.98,0.049
3341,1.05,0.065
3342,1.06,0.072
3344,1.0,0.061
3347,1.1,0.255
3350,1.03,0.155
3352,1.02,0.194
3353,1.1,0.144
3356,1.05,0.212
3366,1.12,0.344
3370,1.02,0.045
3371,0.91,0.039
3375,1.18,0.569
3377,0.91,0.037
3378,0.87,0.016
3385,0.81,-0.003
3388,0.91,0.034
3391,1.03,0.012
3392,0.81,-0.004
3395,1.33,0.833
3401,1.04,0.134
3403,1.05,0.055
3405,0.86,-0.337
3408,0.88,-0.278
3411,1.03,0.366
3415,0.85,-0.434
3417,0.78,-0.409
3420,0.7,-0.434
3423,1.29,0.602
3426,1.21,0.711
3428,1.02,0.196
3440,1.06,0.24
3449,1.32,0.66
3451,1.26,0.635
3452,0.96,0.647
3456,2.4,1.898
3467,1.07,0.302
3482,1.11,0.346
3493,1.14,0.201
3494,0.97,0.213
3500,1.06,0.08
3501,1.1,-0.026
3502,1.03,0.022
3508,1.1,0.068
3513,1.07,0.063
3514,1.21,0.466
3517,1.23,0.477
3518,1.25,0.422
3532,1.29,0.428
3539,0.63,-1.043
3540,0.96,-0.054
3541,1.0,-0.091
3542,0.99,0.004
3548,1.69,1.13
3554,1.15,0.034
3560,1.03,0.06
3561,1.09,0.098
3571,1.22,0.554
3577,0.95,-0.092
3583,0.97,-0.054
3586,1.16,0.537
3587,1.12,0.193
3589,1.1,0.136
3595,1.9,1.655
3612,1.03,0.107
3614,0.94,0.075
3619,1.02,0.075
3621,1.02,0.075
3623,1.03,0.095
3626,0.96,-0.149
3632,0.41,-1.523
3633,0.63,-1.045
3634,0.6,-0.971
3636,0.59,-1.0
3637,0.46,-1.577
3644,0.58,-1.097
3659,1.06,-0.012
3660,1.11,-0.01
3661,1.07,0.013
3665,1.06,0.0
3667,1.1,-0.033
3672,0.51,-1.418
3675,1.38,0.777
3676,1.18,0.894
3680,1.18,0.356
3681,1.22,0.25
3688,1.21,0.33
3692,1.12,0.406
3700,1.45,0.78
3702,1.41,0.91
3704,1.29,0.386
3710,1.14,0.42
3712,1.34,0.48
3715,1.3,0.43
3718,1.3,0.44
3723,1.2,0.276
3726,1.2,0.35
3727,1.06,0.504
3728,1.21,0.378
3730,1.3,1.982
3733,1.61,1.064
3736,1.53,1.14
3741,1.03,0.045
3745,1.09,0.03
3752,1.14,0.231
3757,1.04,0.155
3761,1.1,0.107
3765,0.93,1.173
3770,1.25,0.45
3775,0.88,-0.339
3778,0.85,-0.326
3782,1.12,0.346
3784,1.11,0.342
3789,0.94,-0.137
3792,0.91,-0.131
3793,0.88,-0.163
3800,0.92,-0.143
3802,0.95,-0.219
3806,0.89,-0.187
3818,2.07,1.581
3821,1.08,0.281
3825,1.03,0.257
3833,0.99,0.663
3838,1.23,0.641
3845,1.08,0.3
3846,1.29,1.066
3855,0.94,-0.144
3859,1.24,0.66
3861,1.07,0.774
3865,1.25,0.731
3866,0.74,-0.509
3870,0.77,0.23
3872,0.79,-0.54
3876,1.43,0.697
3881,1.38,0.62
3883,1.13,0.679
3886,1.65,0.61
3888,1.65,1.076
3891,1.15,0.243
3892,1.04,0.213
3900,1.8,3.015
3902,0.8,-0.547
3903,0.79,-0.569
3905,1.15,0.191
3908,1.12,0.114
3909,0.92,0.488
3917,0.97,0.556
3921,1.08,0.53
3922,1.33,0.81
3927,1.31,0.82
3929,1.03,0.278
3931,1.07,0.242
3936,1.15,0.303
3944,1.1,0.251
3950,1.06,1.751
3952,1.1,0.358
3966,1.05,0.24
3969,1.03,0.364
3971,1.06,0.298
3976,1.28,1.19
3978,1.07,0.571
3979,1.34,0.508
3985,0.7,-0.602
3986,0.77,-0.587
3992,0.69,-0.613
3994,0.75,-0.602
3996,0.75,-0.688
4000,0.97,0.417
4001,1.12,0.42
4003,1.09,0.362
4007,1.21,0.42
4010,1.05,0.435
4011,1.12,0.465
4015,0.11,-2.971
4016,1.15,0.399
4017,1.06,0.138
4020,1.12,0.12
4025,1.13,0.061
4027,1.03,0.017
4028,0.44,-1.549
4033,0.97,0.037
4042,0.78,-0.605
4050,0.93,-0.119
4054,0.95,-0.171
4057,0.93,-0.149
4059,0.87,-0.153
4061,0.92,-0.14
4064,1.06,0.083
4070,0.94,-0.196
4071,1.02,-0.155
4076,1.23,0.799
4077,1.5,0.73
4079,0.83,-0.474
4080,0.86,-0.413
4083,0.81,-0.509
4086,1.5,1.0
4091,1.58,0.72
4095,1.39,1.057
4097,0.96,-0.132
4100,1.08,1.669
4103,0.98,0.149
4110,1.04,0.15
4125,1.05,0.246
4128,0.98,0.382
4130,0.98,0.007
4131,0.88,0.041
4134,0.95,-0.034
4136,0.85,0.028
4146,0.8,-0.501
4155,1.02,1.53
4156,1.09,1.52
4159,0.79,-0.518
4161,1.63,0.768
4167,1.4,0.629
4173,1.17,0.705
4176,1.4,0.662
4182,1.42,0.652
4183,1.1,0.181
4187,1.03,0.211
4190,1.14,0.204
4193,0.49,-1.486
4205,1.01,0.779
4207,1.0,0.57
4215,0.96,-0.09
4219,0.95,-0.177
4220,0.92,-0.203
4221,1.1,0.44
4225,1.2,0.415
4230,1.24,0.412
4232,1.23,0.39
4233,2.0,1.892
4239,1.8,2.378
4245,1.0,0.45
4252,1.45,0.66
4264,1.65,0.934
4271,0.94,-0.266
4275,1.07,0.204
4278,0.75,-0.481
4279,0.79,-0.48
4282,0.73,-0.48
4285,0.82,-0.453
4289,1.0,-0.056
4290,0.97,-0.027
4296,0.94,-0.057
4309,1.47,0.685
4313,1.37,0.6
4327,0.98,-0.043
4332,1.0,0.453
4334,1.14,0.38
4335,1.05,0.37
4336,1.15,0.382
4337,1.25,0.245
4338,1.18,0.322
4343,1.28,0.259
4350,1.17,0.298
4372,2.6,1.643
4376,0.48,-1.49
4379,0.42,-1.523
4380,0.45,-1.487
4384,0.47,-1.52
4389,1.52,0.973
4393,1.51,1.09
4401,0.94,-0.103
4410,1.84,1.079
4413,1.78,1.21
4414,1.89,1.176
4420,0.78,-0.511
4422,0.9,-0.496
4424,0.81,-0.456
4426,0.77,-0.444
4429,0.78,-0.511
4431,0.78,-0.511
4436,0.92,0.288
4439,1.04,0.361
4447,1.2,0.2
4449,1.06,0.25
4457,1.0,-0.034
4461,1.03,0.012
4462,1.04,-0.019
4465,1.35,1.117
4467,1.84,2.968
4471,1.08,0.693
4477,1.29,0.49
4481,0.79,-0.561
4482,0.85,-0.412
4484,0.86,-0.429
4487,1.2,0.255
4489,1.22,2.13
4494,1.15,0.359
4503,1.0,0.13
4514,1.04,0.127
4518,1.6,1.143
4519,1.48,1.12
4534,1.02,0.056
4536,1.07,0.615
4541,0.92,0.025
4543,0.87,-0.006
4547,1.02,0.015
4549,0.83,0.324
4552,0.84,-0.461
4555,0.19,-2.319
4558,0.76,-0.469
4559,0.81,-0.48
4562,0.85,-0.484
4570,0.85,-0.523
4573,0.81,-0.465
4585,0.79,-0.638
4594,0.76,-0.67
4596,0.77,-0.68
4612,0.98,0.079
4618,0.21,-2.329
4620,0.98,0.066
4635,0.96,0.053
4645,1.02,0.31
4647,1.01,0.289
4648,1.1,0.297
4649,1.0,0.311
4655,1.1,0.791
4658,0.91,0.43
4666,1.07,0.331
4667,1.14,0.348
4669,0.95,-0.168
4672,0.81,-0.187
4674,0.92,-0.161
4675,0.82,-0.178
4680,0.8,-0.495
4681,0.82,-0.493
4696,0.8,-0.546
4697,0.75,-0.47
4700,0.85,0.34
4703,0.8,-0.415
4711,0.85,-0.394
4712,0.82,-0.377
4713,0.8,-0.415
4717,1.48,1.06
4720,1.68,1.009
4725,1.06,0.147
4737,1.03,0.333
4739,1.05,0.329
4748,1.07,0.342
4754,1.15,0.256
4756,0.37,-1.824
4760,1.2,0.268
4763,1.1,0.26
4765,1.26,0.536
4766,1.29,0.572
4772,1.12,0.303
4773,1.08,0.275
4774,1.11,0.537
4776,1.1,2.515
4779,1.33,0.38
4784,1.3,0.385
4787,1.28,0.38
4788,1.18,0.428
4795,1.16,0.239
4801,1.14,0.599
4802,1.37,0.566
4810,1.3,0.574
4814,1.34,0.58
4816,1.37,0.626
4818,0.88,-0.141
4819,0.96,-0.152
4823,0.88,-0.143
4830,1.44,1.064
4833,1.99,1.67
4838,1.03,0.033
4840,1.04,0.023
4845,1.1,-0.028
4853,1.91,1.369
4856,1.72,0.971
4858,1.26,1.005
4859,0.94,-0.225
4867,1.0,0.048
4868,0.9,0.049
4874,1.09,0.19
4878,1.2,0.288
4887,1.02,0.076
4889,1.03,0.098
4899,0.74,-0.516
4900,0.74,-0.495
4902,0.83,-0.447
4903,0.74,-0.509
4905,0.55,-1.243
4908,1.16,0.653
4910,1.24,0.428
4913,1.22,0.36
4922,1.0,0.649
4929,1.43,1.21
4930,1.56,1.276
4934,1.36,0.456
4937,0.78,-0.509
4938,0.8,-0.367
4946,0.95,0.091
4949,1.0,1.25
4953,1.04,0.107
4954,0.7,-0.31
4956,0.76,-0.309
4961,0.9,-0.288
4964,0.95,0.053
4965,1.05,-0.11
4969,1.02,-0.031
4970,0.94,-0.112
4977,0.82,-0.421
4978,0.8,-0.444
4979,0.77,-0.444
4980,0.85,-0.44
4986,0.7,-0.183
4990,0.94,-0.184
4994,0.85,-0.161
5012,1.18,0.199
5014,1.17,0.242
5018,1.1,0.2
5026,0.78,-0.529
5029,0.78,-0.552
5035,1.25,1.09
5037,1.12,0.21
5038,1.0,0.252
5041,1.1,0.23
5042,1.15,0.188
5049,1.06,0.208
5051,1.13,0.231
5066,1.26,0.248
5074,1.06,0.053
5076,1.0,-0.027
5079,0.96,0.0
5080,0.99,0.029
5089,0.92,-0.032
5090,0.91,-0.015
5102,1.68,1.149
5104,1.29,1.108
5105,1.58,1.15
5108,1.33,1.035
5111,1.19,0.364
5112,1.0,0.13
5113,1.03,0.07
5117,0.64,-1.052
5122,0.54,-1.046
5124,1.28,0.235
5126,1.27,0.243
5128,1.22,0.279
5133,1.25,0.231
5138,1.15,1.188
5142,1.6,1.18
5143,1.21,0.405
5144,0.15,-2.596
5151,1.1,0.427
5152,1.2,0.378
5159,1.04,0.285
5162,1.05,0.089
5169,1.07,0.139
5170,1.04,0.115
5176,0.79,-0.211
5177,0.96,-0.261
5180,0.87,-0.244
5183,0.67,-0.943
5184,1.22,0.638
5187,1.11,0.736
5189,1.31,0.67
5191,0.79,-0.522
5192,0.74,-0.523
5197,0.7,-0.558
5202,1.06,0.06
5204,1.09,0.066
5205,0.87,-0.41
5209,0.86,-0.353
5213,1.1,0.551
5222,1.3,0.498
5229,1.33,0.54
5234,1.12,0.387
5236,1.06,0.365
5244,1.2,0.332
5247,1.06,0.35
5250,0.85,-0.422
5252,0.79,-0.398
5255,0.82,-0.452
5256,1.36,1.8
5266,0.9,-0.1
5267,0.89,-0.134
5268,1.0,-0.225
5273,0.94,-0.151
5274,0.85,-0.209
5276,0.8,-0.208
5281,0.95,-0.174
5285,0.98,0.098
5289,1.1,0.042
5295,1.11,0.093
5307,1.14,0.3
5308,1.02,0.276
5313,1.08,0.292
5316,0.8,-0.463
5321,0.85,-0.452
5324,0.88,-0.469
5328,0.81,0.443
5329,1.07,0.481
5330,1.05,0.425
5333,0.92,0.454
5342,1.05,0.44
5352,0.81,-0.577
5353,0.79,-0.509
5357,0.78,-0.577
5359,0.81,-0.577
5360,0.8,-0.539
5361,0.79,-0.509
5364,1.46,1.795
5366,1.0,0.62
5369,0.97,-0.032
5377,1.04,0.446
5378,1.18,0.42
5380,1.2,0.377
5381,1.19,0.48
5383,1.23,0.489
5384,1.24,0.524
5391,1.01,-0.005
5395,1.04,0.093
5403,1.08,0.173
5404,1.09,0.496
5410,1.08,0.356
5417,1.2,0.231
5418,1.3,0.21
5423,1.27,0.286
5424,1.25,0.22
5426,1.21,0.712
5432,1.06,0.593
5433,1.28,0.585
5440,1.35,0.603
5444,0.97,0.462
5445,1.19,0.422
5449,1.07,0.929
5454,1.03,0.507
5463,0.48,-0.666
5465,0.74,-0.62
5466,0.76,-0.636
5474,0.97,0.095
5479,1.0,0.055
5486,0.31,-1.947
5488,1.04,0.114
5494,1.23,0.491
5497,1.34,0.47
5500,1.31,0.61
5504,1.07,0.577
5507,0.59,-0.886
5510,0.64,-0.874
5513,0.68,-1.174
5514,1.57,1.274
5519,0.85,-0.474
5522,1.17,0.209
5525,1.1,0.131
5537,1.01,0.139
5539,1.05,0.092
5547,1.05,0.448
5552,1.25,0.391
5553,1.21,0.47
5554,1.14,0.4
5558,1.2,0.405
5560,1.15,0.421
5562,1.5,1.75
5566,0.82,-0.523
5573,0.78,-0.636
5575,0.75,-0.636
5579,0.67,-0.625
5584,0.84,-0.443
5585,0.85,-0.412
5586,0.85,-0.439
5592,1.1,0.458
5601,0.64,-1.152
5602,0.58,-1.154
5604,0.52,-1.097
5607,0.58,-1.161
5608,1.47,1.85
5615,0.82,1.55
5621,1.69,2.49
5625,1.03,0.276
5643,1.13,0.376
5654,0.86,-0.388
5657,1.09,0.276
5659,0.17,-2.456
5662,1.2,0.3
5665,1.25,0.473
5666,1.25,0.471
5670,2.12,1.944
5672,1.08,0.041
5675,0.46,-1.387
5677,0.43,-1.398
5683,0.44,-1.44
5684,1.12,0.393
5687,1.14,0.289
5688,0.9,-0.448
5691,0.93,-0.33
5694,0.88,-0.298
5696,0.81,-0.334
5701,1.46,0.684
5703,1.43,0.668
5704,1.46,0.79
5705,1.48,0.838
5722,1.01,0.043
5728,0.94,-0.056
5730,0.8,-0.449
5738,0.81,-0.419
5740,0.8,-0.449
5741,0.72,-0.474
5743,1.06,0.528
5748,1.24,0.456
5751,0.98,0.005
5758,1.1,0.01
5760,0.99,0.017
5767,1.08,0.103
5769,1.06,0.34
5771,1.0,0.361
5772,0.53,-1.393
5776,1.13,0.27
5784,0.68,-0.696
5789,0.48,-1.473
5790,0.43,-1.398
5792,0.5,-1.658
5794,0.45,-1.472
5804,1.41,1.2
5807,1.74,1.36
5808,0.98,-0.173
5809,0.86,-0.181
5814,0.97,-0.137
5815,0.9,-0.14
5819,1.36,1.067
5820,1.17,1.002
5823,1.91,1.768
5827,2.54,1.85
5829,0.75,-0.846
5835,0.98,0.083
5840,1.1,-0.023
5847,1.22,0.45
5851,1.28,0.489
5857,1.06,0.458
5861,0.94,-0.149
5867,0.96,-0.19
5874,1.31,1.1
5878,1.35,0.996
5886,1.23,0.517
5890,1.12,0.602
5892,0.96,0.078
5893,0.96,0.079
5896,1.07,0.106
5901,0.91,-0.263
5914,0.85,-0.27
5926,1.03,0.063
5936,0.9,-0.391
5938,0.7,-0.33
5939,0.83,-0.409
5941,0.69,-0.334
5942,0.96,0.006
5946,1.52,1.0
5950,1.6,1.13
5952,1.48,1.021
5955,1.16,0.311
5956,1.13,0.305
5958,1.16,0.308
5960,1.08,0.616
5961,0.17,-2.44
5964,1.29,0.58
5965,1.35,0.55
5970,1.38,0.64
5974,1.31,0.502
5980,1.29,0.517
5982,1.37,0.538
5986,1.78,1.149
5987,1.47,1.183
5993,1.07,0.303
5994,1.07,0.303
5995,1.04,0.339
6005,1.11,0.534
6008,1.69,1.742
6010,1.14,2.589
6021,0.88,-0.268
6023,0.9,-0.274
6031,0.9,-0.303
6048,0.99,-0.111
6053,0.75,-0.091
6062,1.0,-0.229
6065,1.0,-0.242
6068,0.94,-0.22
6069,0.92,-0.154
6070,0.85,-0.432
6078,0.85,-0.416
6088,1.1,0.411
6102,1.41,0.74
6108,0.98,0.834
6112,0.49,-1.485
6119,1.36,0.659
6121,1.29,0.58
6122,1.19,0.68
6127,1.1,0.186
6128,1.15,0.164
6139,1.09,0.16
6141,1.07,0.215
6143,1.1,0.168
6150,0.59,-0.44
6151,0.79,-0.398
6153,0.88,-0.398
6154,0.67,-0.409
6155,0.97,-0.315
6156,0.85,-0.284
6163,0.7,-0.639
6167,0.74,-0.569
6169,0.77,-0.642
6173,0.79,-0.585
6175,0.77,-0.639
6182,2.0,1.664
6191,0.76,-0.509
6194,1.16,0.291
6201,0.7,-0.187
6203,0.95,-0.293
6204,0.84,-0.202
6210,0.53,-1.356
6214,1.05,0.035
6215,0.99,0.086
6216,1.0,0.035
6221,0.93,-0.273
6230,1.15,0.206
6236,0.99,0.293
6243,0.9,-0.188
6254,0.83,-0.147
6258,1.0,-0.1
6261,1.01,-0.009
6263,0.97,-0.046
6267,1.03,-0.028
6272,0.95,-0.154
6274,0.89,-0.155
6275,0.91,-0.149
6278,1.01,0.01
6280,0.93,0.029
6281,0.9,-0.017
6287,0.83,-0.004
6288,0.8,-0.009
6294,1.72,1.149
6299,1.71,1.14
6301,0.96,-0.137
6302,0.96,-0.036
6307,1.32,0.5
6312,1.14,0.572
6315,1.03,0.307
6320,1.0,0.26
6322,1.03,0.054
6329,1.03,0.053
6331,1.06,0.069
6333,1.01,0.083
6340,0.98,0.141
6350,0.82,-0.196
6352,0.82,-0.254
6355,0.95,-0.196
6359,0.82,-0.244
6362,1.0,-0.222
6363,0.92,-0.2
6365,0.91,-0.188
6369,1.15,0.316
6373,0.95,-0.137
6378,0.9,-0.241
6381,0.52,-1.389
6392,1.0,0.066
6393,0.99,0.033
6396,1.0,0.043
6398,0.6,-1.219
6399,1.39,1.118
6400,1.74,1.19
6404,1.81,1.18
6407,2.19,1.389
6411,1.81,1.417
6413,0.91,2.27
6422,1.05,2.93
6429,1.04,0.634
6430,1.28,0.584
6435,1.22,0.51
6441,0.63,-0.77
6442,0.69,-0.789
6456,0.99,-0.022
6466,1.25,0.342
6467,1.09,0.376
6480,1.11,0.175
6484,1.05,0.119
6492,1.04,0.143
6499,1.1,0.158
6505,0.8,-0.243
6507,0.93,-0.206
6510,0.8,-0.244
6511,1.18,0.297
6515,1.11,0.36
6517,1.2,0.308
6524,1.17,0.352
6528,1.2,0.281
6533,1.13,0.28
6534,1.23,0.263
6536,1.27,0.92
6540,1.56,0.663
6541,1.51,0.908
6548,1.11,0.526
6550,1.29,0.43
6554,1.01,1.61
6558,1.73,1.243
6560,1.55,1.179
6563,1.72,1.15
6564,1.29,1.155
6570,1.11,0.017
6577,1.89,1.158
6578,2.13,1.193
6579,1.03,0.491
6581,1.91,1.595
6583,1.03,1.23
6589,1.43,1.76
6596,1.7,2.394
6600,1.77,0.968
6604,1.5,0.8
6609,1.2,0.97
6613,1.03,0.055
6614,1.09,0.048
6618,1.16,0.433
6620,1.19,0.442
6624,2.59,1.612
6629,2.1,1.59
6633,1.08,0.228
6638,0.99,-0.117
6639,0.99,-0.123
6641,0.99,-0.125
6645,1.01,-0.112
6649,1.0,-0.108
6653,0.8,-0.668
6656,0.8,-0.592
6658,0.66,-0.597
6662,0.78,-0.535
6667,0.83,-0.26
6671,0.95,-0.255
6672,0.93,-0.098
6674,0.94,-0.115
6675,0.98,-0.098
6680,0.99,-0.136
6685,1.64,1.248
6686,0.79,0.05
6690,1.04,0.102
6691,0.75,0.061
6703,0.9,-0.176
6704,0.87,-0.151
6705,0.92,-0.149
6708,1.0,-0.15
6713,0.98,2.22
6715,1.1,2.24
6722,1.0,0.071
6726,1.01,0.109
6731,1.01,0.096
6738,1.26,0.462
6739,1.36,0.54
6741,1.02,-0.018
6743,0.96,0.053
6748,1.04,0.078
6749,1.12,0.068
6755,2.49,3.224
6759,1.06,0.22
6771,1.68,1.47
6772,0.9,-0.239
6776,0.93,-0.216
6781,0.86,-0.22
6783,0.82,-0.225
6788,0.85,-0.201
6791,0.9,-0.275
6792,1.06,-0.003
6803,0.98,-0.02
6807,1.01,0.011
6809,1.0,-0.009
6813,1.1,-0.054
6818,0.93,-0.131
6819,0.89,-0.155
6823,0.89,-0.157
6835,1.06,0.336
6843,1.0,0.293
6848,1.09,0.374
6849,1.02,0.146
6853,1.01,0.103
6855,1.05,-0.161
6856,0.97,-0.132
6860,0.89,-0.106
6863,0.93,-0.179
6869,1.13,0.262
6879,1.1,0.321
6881,0.98,0.337
6887,1.01,0.33
6890,1.31,0.68
6893,1.23,0.522
6897,1.16,0.54
6899,0.7,-0.744
6902,0.75,-0.76
6906,1.24,0.482
6909,1.27,0.49
6916,1.1,0.401
6921,1.2,0.435
6929,1.12,0.101
6932,1.05,0.083
6934,1.05,0.078
6936,1.05,0.26
6937,1.04,0.253
6947,1.24,0.283
6948,0.14,-2.661
6952,1.19,0.334
6956,1.2,0.29
6957,1.12,0.31
6958,1.01,-0.075
6961,1.41,0.756
6964,1.26,0.77
6970,1.09,0.494
6971,1.26,0.46
6982,1.15,0.188
6986,1.0,0.256
6991,1.17,1.38
6992,1.0,1.47
6995,0.93,-0.152
6999,0.93,-0.26
7001,1.2,0.309
7003,1.12,0.321
7006,1.28,1.79
7008,0.83,-0.409
7009,0.83,-0.434
7014,0.81,-0.438
7019,0.87,-0.406
7022,0.62,-1.007
7023,1.08,0.03
7028,1.03,0.098
7037,0.97,-0.002
7047,0.97,-0.058
7051,1.18,0.24
7052,1.07,0.238
7057,1.06,0.4
7062,0.88,-0.367
7064,1.11,0.508
7069,0.9,-0.109
7070,1.03,-0.076
7072,0.99,-0.077
7075,1.76,1.78
7078,2.1,1.857
7079,1.07,1.78
7086,4.3,3.261
7090,1.06,1.143
7097,1.15,0.18
7098,1.2,0.152
7099,1.13,0.215
7101,1.15,0.17
7104,1.08,0.194
7106,1.04,0.161
7118,0.74,-0.509
7119,0.72,-0.506
7120,0.8,-0.492
7129,0.9,-0.06
7130,0.95,-0.102
7132,1.0,-0.104
7133,1.05,-0.141
7137,0.95,-0.07
7145,1.18,0.328
7146,0.76,-0.367
7148,0.87,-0.366
7155,0.76,-0.372
7159,1.12,0.376
7171,0.81,-0.49
7172,1.21,0.38
7175,1.08,0.476
7176,1.2,0.37
7183,1.09,0.079
7184,1.02,0.072
7186,1.06,0.025
7194,1.42,0.66
7203,1.26,0.613
7210,1.28,0.53
7216,1.66,1.56
7227,0.82,-0.498
7230,0.81,-0.463
7235,0.8,-0.471
7237,0.8,-0.456
7241,1.04,0.031
7244,1.12,0.5
7246,0.94,0.497
7249,1.26,0.57
7253,1.05,0.393
7262,1.09,0.131
7263,1.0,0.13
7264,1.03,0.09
7265,1.05,0.113
7268,0.99,0.454
7269,1.12,0.356
7271,1.16,0.425
7272,1.32,0.433
7292,1.21,0.796
7309,1.24,0.375
7313,0.94,-0.102
7314,0.84,-0.143
7315,1.0,-0.137
7316,0.84,-0.143
7327,0.99,0.408
7331,1.03,0.382
7338,1.03,0.02
7340,1.1,0.02
7343,1.02,0.098
7344,1.1,0.091
7352,0.7,-0.387
7354,0.79,-0.398
7356,0.77,-0.403
7357,0.84,-0.395
7361,0.9,-0.449
7362,0.94,-0.194
7364,1.1,0.206
7365,1.04,0.207
7367,1.08,0.068
7368,1.11,0.098
7370,1.08,0.086
7372,1.04,-0.008
7373,1.0,0.041
7376,1.0,0.528
7377,1.2,0.516
7387,1.77,0.821
7390,1.58,1.13
7392,1.67,1.19
7400,1.2,2.28
7409,0.87,-0.316
7411,0.83,-0.31
7415,1.01,0.478
7419,0.88,-0.244
7420,1.39,0.95
7426,1.02,1.104
7431,0.91,2.86
7435,1.16,0.53
7439,1.02,0.564
7442,1.27,0.57
7446,0.89,0.14
7447,1.06,0.138
7449,0.94,0.15
7453,0.99,0.17
7460,0.96,1.47
7462,1.06,0.234
7465,2.83,1.849
7467,2.4,1.602
7472,0.85,-0.455
7474,0.8,-0.444
7478,0.77,-0.45
7480,0.86,-0.434
7487,0.78,0.3
7490,1.3,1.049
7494,1.52,1.2
7497,0.97,-0.014
7499,1.0,-0.066
7505,1.02,-0.007
7507,0.92,-0.22
7510,0.93,-0.191
7517,1.0,-0.29
7521,0.9,-0.175
7526,1.76,1.81
7528,1.0,-0.119
7529,0.83,-0.379
7531,0.85,-0.475
7537,0.95,-0.111
7552,0.83,-0.469
7558,1.72,1.188
7564,0.59,-0.886
7567,0.67,-0.884
7568,0.96,-0.081
7572,1.04,-0.084
7581,2.1,1.67
7583,0.63,-1.132
7584,0.5,-1.155
7588,2.42,1.87
7593,0.9,-0.321
7595,0.37,-1.772
7596,0.98,-0.079
7600,0.77,-0.576
7603,1.39,1.14
7604,0.8,-0.473
7607,0.83,-0.468
7613,0.62,-1.003
7614,0.54,-1.046
7619,0.9,-0.26
7625,0.85,-0.32
7627,1.0,-0.018
7628,0.98,-0.047
7629,1.01,-0.01
7635,0.86,-0.252
7643,0.67,-0.729
7645,1.38,0.636
7649,0.55,-1.0
7651,0.63,-1.033
7654,0.78,-0.507
7658,0.78,-0.62
7659,0.61,-1.057
7660,0.57,-0.959
7665,1.61,0.748
7668,1.26,0.4
7677,0.54,-1.046
7678,0.63,-1.01
7681,0.52,-1.097
7686,0.58,-1.162
7688,0.78,-0.561
7689,0.78,-0.959
7693,0.56,-1.21
7694,0.5,-1.155
7698,0.78,-0.658
7699,0.69,-0.682
7700,0.65,-0.845
7701,0.6,-0.854
7704,1.04,1.05
7707,0.73,0.19
7711,0.71,-0.624
7713,0.69,-0.638
7715,0.63,-0.796
7716,0.68,-0.74
7720,1.02,0.117
7725,1.54,1.63
7731,0.75,-0.495
7747,0.83,-0.52
7755,0.7,-0.671
7756,0.78,-0.678
7761,0.92,-0.19
7766,2.3,1.269
7771,2.5,1.65
7774,0.7,-0.818
7775,0.66,-0.768
7778,1.22,0.243
7779,1.22,0.243
7782,1.03,0.251
7783,2.41,1.617
7792,1.3,1.207
7793,1.63,1.244
7794,1.39,1.261
7796,1.63,1.244
7799,0.54,-1.046
7805,0.61,-1.063
7809,0.68,-0.658
7811,0.73,-0.663
7815,0.64,-0.895
7817,1.74,1.215
7821,1.28,1.02
7825,0.99,-0.06
7827,0.95,-0.102
7835,0.99,-0.088
7840,2.19,1.368
7850,0.48,-1.549
7851,0.42,-1.523
7862,0.91,-0.222
7863,0.93,-0.245
7868,0.94,-0.08
7870,1.04,-0.07
7876,0.79,-0.562
7878,0.73,-0.538
7885,1.03,0.016
7887,1.63,0.049
7893,0.68,-0.803
7895,1.17,1.405
7899,0.46,-1.514
7900,0.42,-1.523
7905,1.3,0.89
7906,0.95,-0.222
7908,0.97,-0.176
7912,1.1,0.138
7915,0.71,-0.758
7919,0.94,-0.072
7921,1.0,-0.075
7924,0.86,-0.331
7925,0.93,-0.325
7928,1.93,1.204
7933,1.9,1.125
7934,1.85,1.142
7936,0.29,-1.995
7938,0.29,-2.019
7939,0.32,-2.0
7944,1.1,0.072
7962,1.08,0.055
7973,1.38,0.527
7984,0.68,-0.811
7991,1.07,0.395
7999,1.15,0.25
8001,1.17,0.24
8011,1.15,0.371
8020,1.24,0.372
8022,1.61,0.733
8024,1.5,0.692
8029,0.66,-0.924
8030,0.69,-0.914
8044,0.97,-0.101
8051,1.18,0.25
8055,1.15,0.271
8066,0.8,-0.595
8071,0.75,-0.552
8073,0.74,-0.609
8077,0.77,-0.657
8082,0.5,-1.428
8086,0.51,-1.434
8097,0.94,-0.189
8103,1.11,0.577
8113,0.96,0.405
8120,0.91,-0.289
8134,0.81,-0.567
8137,0.88,0.279
8138,1.1,0.219
8144,1.01,0.009
8145,1.0,0.13
8151,0.86,-0.445
8153,0.81,-0.395
8165,1.03,-0.145
8174,0.68,-0.734
8182,0.51,-1.354
8185,0.53,-1.357
8188,0.78,-0.526
8196,0.71,-0.685
8203,1.01,0.123
8224,0.74,-0.745
8225,0.64,-1.102
8227,0.6,-1.147
8236,0.32,-1.91
8237,0.6,-1.131
8240,0.61,-1.143
8252,0.4,-1.659
8257,0.39,-1.641
8260,0.67,-0.878
8274,0.84,-0.254
8279,0.7,-0.766
8280,0.34,-1.828
8289,1.0,-0.1
8292,0.69,-0.776
8302,0.86,-0.448
8310,1.19,0.943
8311,0.46,-1.479
8314,0.51,-1.444
8315,0.46,-1.402
8316,0.71,-0.785
8317,0.74,-0.788
8318,0.74,-0.777
8321,0.66,-0.762
8322,0.69,-0.767
8325,0.46,-1.571
8328,0.91,-0.288
8336,0.88,-0.28
8344,0.63,-1.031
8351,1.02,-0.003
8353,1.0,-0.049
8356,0.71,-0.75
8360,0.7,-0.721
8366,0.36,-1.824
8369,0.31,-1.915
8370,0.36,-1.824
8375,0.58,-1.292
8377,0.57,-1.259
8378,0.64,-0.945
8381,0.65,-0.996
8382,0.58,-1.167
8383,0.58,-1.218
8385,0.59,-1.31
8391,0.81,-0.421
8394,0.46,-1.585
8395,0.41,-1.662
8397,0.44,-1.553
8398,0.46,-1.47
8399,0.7,-0.774
8406,0.65,-1.06
8407,0.61,-1.077
8409,0.51,-1.367
8411,0.53,-1.268
8412,0.67,-1.018
8414,0.63,-1.046
8416,0.54,-1.229
8419,0.6,-1.05
8425,0.68,-0.798
8429,0.93,-0.195
8433,0.94,-0.157
8437,0.97,-0.289
8441,0.73,-0.69
8447,1.01,-0.121
8453,0.72,-0.61
8457,0.78,-0.529
8464,1.09,0.609
8465,0.87,-0.355
8472,1.12,0.462
8479,1.34,0.436
8482,1.16,0.44
8485,0.91,-0.15
8494,0.94,-0.151
8501,0.63,-0.91
8507,1.07,0.084
8520,0.98,-0.202
8525,0.98,-0.06
8529,0.66,-0.773
8538,1.08,0.494
8540,0.93,-0.116
8545,1.08,0.49
8547,1.07,-0.067
8552,0.85,-0.523
8557,0.44,-1.591
8564,0.5,-1.597
8572,0.93,-0.439
8585,0.98,-0.013
8593,0.86,-0.408
8594,0.88,-0.392
8601,0.95,-0.132
8611,0.89,-0.399
8621,1.05,-0.08
8626,1.03,0.059
8638,0.93,-0.196
8647,1.07,0.211
8651,0.96,-0.219
8667,0.92,-0.292
8676,0.99,-0.068
8682,0.83,-0.345
8687,0.87,-0.36
8693,0.98,-0.076
8704,1.2,0.363
8706,1.03,-0.012
8715,1.12,0.679
8719,1.0,-0.114
8724,0.88,-0.401
8733,0.72,-0.721
8734,0.71,-0.733
8740,0.83,-0.429
8745,0.91,-0.253
8749,0.94,-0.194
8755,0.84,-0.475
8761,1.08,0.268
8764,1.05,0.214
8768,0.85,-0.427
8770,0.98,-0.156
8775,0.97,-0.209
8779,0.75,-0.58
8787,0.63,-0.985
8789,0.94,-0.227
8796,0.88,-0.375
8802,0.65,-0.876
8809,1.05,0.257
8811,1.13,0.213
8816,1.02,0.001
8822,0.71,-0.709
8827,0.7,-0.721
8831,1.11,0.272
8835,1.02,0.031
8838,1.02,0.18
8843,0.6,-1.113
8853,1.03,-0.004
8858,1.0,-0.019
8864,1.15,0.149
8868,1.05,0.0
8875,1.01,-0.217
8878,0.96,0.433
8881,0.9,-0.246
8884,0.96,-0.146
8890,0.71,-0.849
8891,0.89,-0.383
8900,1.12,0.339
8905,0.96,-0.059
8907,1.19,0.238
8909,1.04,0.216
8910,1.1,0.231
8912,0.78,-0.574
8915,0.8,-0.523
8917,1.2,0.338
8919,1.26,0.371
8926,0.4,-1.796
8927,0.23,-2.086
8929,1.12,0.158
8938,1.0,0.029
8940,0.58,-1.276
8941,0.56,-1.208
8944,0.89,-0.441
8947,0.35,-1.808
8948,1.06,0.446
8955,1.04,-0.097
8957,1.11,0.193
8960,0.97,-0.141
8962,0.64,-0.833
8966,0.96,-0.171
8969,0.98,0.366
8973,0.27,-2.097
8975,0.29,-2.076
8976,0.26,-2.088
8978,0.82,-0.404
8980,0.49,-1.415
8983,0.83,-0.402
8989,0.92,-0.072
8992,0.69,-0.765
8995,0.67,-0.72
8997,0.5,-1.381
8999,1.03,0.272
9005,1.09,0.179
9007,0.56,-1.31
9013,0.51,-1.356
9015,1.32,0.697
9018,1.27,0.346
9022,1.09,0.328
9023,0.96,0.384
9025,0.93,-0.24
9027,0.88,-0.26
9031,0.47,-1.535
9032,0.47,-1.481
9037,0.94,-0.18
9045,0.58,-1.213
9046,0.69,-0.823
9047,0.68,-0.755
9052,0.84,-0.429
9060,1.18,0.468
9065,0.89,-0.27
9072,1.06,0.18
9085,0.75,-0.518
9093,0.98,-0.05
9097,0.93,-0.302
9106,0.84,-0.353
9119,0.84,-0.509
9129,0.77,-0.593
9141,0.79,-0.405
9149,1.01,-0.052
9159,0.98,0.399
9164,0.94,-0.205
9167,0.32,-1.94
9178,0.98,0.168
9182,0.71,-0.569
9190,0.92,-0.172
9199,0.8,-0.432
9202,0.63,-1.013
9203,0.64,-0.983
9204,0.87,-0.424
9209,0.64,-1.046
9211,0.63,-1.015
9214,1.02,-0.006
9215,0.52,-1.49
9218,0.33,-1.93
9219,0.52,-1.38
9221,0.72,-0.229
9230,0.86,-0.427
9232,0.94,-0.295
9234,0.65,-1.008
9236,1.19,0.504
9241,0.22,-2.106
9243,0.97,-0.156
9245,0.93,-0.166
9248,1.03,0.091
9252,0.96,-0.153
9254,1.0,0.096
9260,0.71,-0.662
9263,0.55,-1.19
9274,0.62,-1.15
9279,0.55,-1.231
9281,0.88,-0.128
9283,0.98,-0.112
9285,0.9,-0.256
9288,0.92,-0.27
9294,0.92,-0.11
9299,0.13,-2.345
9302,0.17,-2.387
9304,0.17,-2.394
9307,0.34,-1.83
9309,0.32,-1.871
9312,0.55,-1.277
9316,0.91,-0.217
9331,0.9,-0.296
9332,0.2,-2.293
9333,0.25,-2.125
9336,0.58,-1.254
9340,0.6,-1.069
9343,0.53,-1.339
9346,0.51,-1.375
9350,0.27,-2.048
9353,0.62,-0.975
9355,0.91,-0.303
9357,0.9,-0.325
9361,0.56,-0.824
9362,0.35,-1.044
9364,0.31,-0.83
9368,1.22,0.477
9372,1.04,0.059
9375,0.26,-2.065
9379,1.04,0.165
9385,1.24,0.514
9390,1.22,0.395
9392,0.91,-0.345
9400,1.08,0.25
9403,0.71,-0.836
9409,0.75,-0.652
9412,1.28,0.471
9425,1.23,0.484
9426,1.16,0.4
9428,0.96,-0.002
9433,1.06,0.126
9435,1.07,0.093
9441,0.48,-1.439
9446,0.56,-1.225
9449,0.54,-1.32
9454,0.75,-0.663
9460,0.69,-0.894
9461,0.82,-0.388
9465,0.9,-0.366
9471,0.68,-0.719
9481,1.04,-0.012
9486,1.03,0.024
9488,1.03,-0.063
9491,0.96,-0.076
9496,0.42,-1.614
9497,0.98,-0.115
9499,0.96,-0.244
9503,1.01,-0.066
9506,0.97,-0.161
9514,0.77,-0.575
9516,0.79,-0.57
9518,0.98,-0.014
9525,1.02,-0.109
9532,0.7,-0.854
9535,0.76,-0.693
9539,1.03,-0.121
9545,0.81,-0.408
9553,0.93,-0.127
9558,0.82,-0.517
9563,0.96,-0.122
9568,1.1,0.432
9572,1.04,-0.059
9576,1.05,0.396
9580,1.12,0.189
9584,0.67,-0.818
9589,0.79,-0.567
9592,0.71,-0.633
9597,1.03,0.037
9598,1.01,0.103
9602,0.98,0.202
9607,0.72,-0.739
9613,0.94,-0.28
9618,0.82,-0.397
9622,0.33,-1.87
9626,0.8,-0.519
9629,1.04,-0.019
9634,0.57,-1.239
9637,0.91,-0.212
9641,0.94,0.106
9653,0.97,-0.099
9655,0.93,0.391
9659,1.04,0.048
9660,1.02,0.043
9663,0.66,-0.858
9669,0.8,-0.413
9670,0.87,-0.23
9674,0.94,-0.145
9676,1.09,0.26
9679,0.64,-0.915
9687,0.37,-1.748
9690,0.68,-0.835
9693,1.05,0.209
9698,0.96,-0.171
9700,0.55,-1.239
9706,0.79,-0.488
9710,1.01,-0.06
9711,0.96,-0.127
9714,0.9,-0.33
9718,1.0,0.172
9721,1.02,0.258
9723,0.88,-0.071
9725,0.65,-0.833
9726,0.69,-0.705
9729,0.16,-2.466
9730,0.16,-2.455
9731,0.55,-1.27
9732,0.55,-1.294
9733,0.57,-1.207
9734,0.57,-1.202
9735,0.56,-1.277
9741,0.54,-1.296
9744,0.73,-0.663
9752,0.56,-1.273
9762,1.04,0.446
9768,0.68,-0.712
9775,1.19,0.421
9780,0.8,-0.457
9788,0.75,-0.624
9794,0.69,-0.75
9799,0.65,-1.04
9807,0.67,-0.802
9812,1.13,0.751
9819,0.72,-0.579
9824,0.62,-1.03
9834,0.67,-0.784
9839,0.7,-0.777
9843,0.83,-0.398
9851,0.81,-0.64
9858,1.01,-0.098
9866,1.0,0.282
9875,1.02,-0.015
9882,0.72,-0.727
9888,1.06,0.244
9893,0.94,-0.234
9904,1.09,0.53
9906,0.77,-0.644
9913,0.52,-1.356
9917,1.04,0.431
9922,0.85,-0.429
9932,0.47,-1.519
9936,0.31,-1.837
9942,1.06,0.076
9951,1.11,0.092
9956,1.06,0.368
9962,0.79,-0.498
9963,0.8,-0.5
9967,0.91,0.1
9977,0.77,-0.553
9986,0.89,-0.303
9994,0.77,-0.569
9995,0.56,-1.204
10003,0.9,-0.337
10012,0.66,-0.812
10020,0.88,-0.349
10021,0.99,0.267
10029,0.44,-1.545
10036,0.53,-1.327
10037,0.3,-1.838
10038,0.3,-1.921
10045,0.65,-0.953
10052,0.35,-1.841
10060,0.43,-1.635
10065,0.41,-1.678
10066,0.36,-1.678
10088,1.23,0.504
10092,1.14,0.961
10097,1.32,0.542
10098,1.38,0.562
10101,1.07,0.159
10104,1.11,0.217
10111,1.44,0.744
10114,1.59,0.892
10115,1.26,0.836
10119,1.18,0.279
10120,1.06,0.388
10124,1.33,0.573
10125,1.18,0.412
10127,0.38,-1.64
10129,1.3,0.488
10130,0.3,-1.971
10131,1.21,0.401
10134,1.64,0.876
10135,1.73,0.919
10137,1.48,0.857
10140,1.52,0.813
10145,1.7,0.888
10146,1.62,0.978
10155,1.25,0.707
10157,1.76,1.104
10160,2.28,1.195
10162,2.05,1.103
10163,1.46,0.905
10166,1.07,0.005
10167,0.94,0.034
10176,1.25,0.538
10178,1.46,0.565
10179,1.27,0.439
10182,1.34,0.625
10185,1.28,0.489
10189,1.2,0.535
10191,1.24,0.573
10196,1.08,0.493
10198,1.22,0.578
10201,1.45,0.772
10206,1.53,0.758
10212,1.02,0.265
10216,0.2,-2.071
10217,2.52,1.724
10220,2.43,1.594
10222,0.47,1.431
10239,0.99,0.122
10244,1.42,1.215
10249,1.13,0.468
10262,1.1,0.641
10272,0.92,-0.201
10276,1.63,0.996
10277,1.65,1.072
10279,1.05,0.74
10286,1.15,0.792
10537,1.45,0.626
10585,0.96,-0.223
10593,0.93,-0.165
10600,1.05,0.162
10628,1.1,0.213
10638,0.93,-0.169
10663,1.11,0.3
10699,1.12,0.269
10723,1.02,0.068
10737,0.4,-1.64
10738,0.5,1.341
10741,0.5,1.36
10745,0.78,-0.316
10753,1.15,0.299
10757,0.66,-0.768
10776,1.18,0.43
10778,0.67,-0.817
10781,1.28,0.479
10814,0.82,-0.347
10817,0.32,-2.0
10821,0.28,-1.793
10834,0.9,0.002
10849,1.02,0.055
10850,0.9,0.002
10851,0.91,0.002
10872,1.06,0.411
10889,1.32,0.715
10905,0.93,-0.279
10932,1.11,0.282
10966,1.02,0.136
11002,0.85,-0.507
11006,0.41,-1.64
11021,0.66,-0.987
11033,0.99,0.42
11048,0.86,-0.412
11072,0.87,-0.376
11082,0.96,-0.194
11091,0.77,-0.531
11101,0.91,-0.337
11124,1.28,0.559
11138,1.0,0.124
11164,0.99,-0.161
11179,0.96,-0.082
11192,0.66,-0.806
11214,0.81,-0.553
11241,0.78,-0.584
11250,0.89,-0.436
11264,0.91,-0.288
11284,0.67,-0.858
11286,0.9,-0.193
11316,0.9,-0.35
11324,1.16,0.287
11335,0.79,-0.617
11353,0.92,0.011
11355,0.46,-1.606
11365,0.96,-0.245
11382,0.77,-0.62
11396,1.07,0.424
11418,0.81,-0.553
11458,0.96,-0.126
11472,0.86,-0.439
11481,1.03,0.209
11494,0.95,-0.202
11509,0.82,-0.448
11513,0.89,-0.362
11536,0.72,-0.649
11560,1.08,0.089
11567,0.89,-0.469
11590,1.01,-0.044
11603,1.08,0.489
11622,1.02,-0.073
11638,1.05,0.031
11658,0.9,-0.334
11672,0.98,0.424
11706,0.69,-0.409
11717,0.58,-1.14
11737,1.09,0.097
11741,1.28,0.607
11756,1.06,0.059
11784,1.33,0.524
11787,1.02,-0.047
11807,0.69,-0.895
11824,1.07,0.369
11836,1.01,-0.148
11854,1.13,0.227
11862,1.11,-0.006
11894,0.79,-0.52
11914,1.07,0.083
11937,1.01,0.072
11946,1.16,0.088
11963,0.69,-0.682
11999,0.96,-0.116
12015,0.98,-0.19
12038,0.95,-0.147
12050,1.0,-0.025
12068,0.98,0.372
12106,1.04,0.364
12114,1.17,0.285
12133,0.89,-0.313
12150,1.04,0.365
12172,1.03,-0.01
12187,0.59,-1.121
12192,0.58,-1.113
12227,1.02,0.006
12244,0.94,0.5
12289,1.37,0.861
12295,0.88,-0.306
12307,1.06,0.314
12327,0.81,-0.473
12338,1.02,0.253
12360,1.05,0.079
12362,0.71,-0.657
12365,0.7,-0.86
12381,0.9,-0.097
12403,1.06,0.09
12407,0.55,-1.297
12441,1.09,0.347
12458,0.89,-0.146
12467,1.07,0.08
12479,1.06,0.096
12491,1.26,0.46
12509,1.01,0.178
12519,0.99,-0.093
12535,0.7,-0.84
12550,0.89,-0.404
12560,1.05,0.157
12584,1.02,-0.119
12615,1.05,0.12
12649,1.12,0.276
12660,1.09,0.088
12678,0.94,-0.351
12696,1.05,0.139
12698,1.14,0.522
12720,1.31,0.514
12729,0.64,-0.945
12743,1.13,0.159
12758,0.87,-0.417
12772,0.93,-0.258
12787,0.93,-0.076
12807,1.12,0.158
12809,1.09,0.195
12822,0.76,-0.637
12826,1.04,-0.09
12847,1.35,0.542
12859,1.1,0.08
12865,0.94,-0.293
12884,2.22,1.254
12898,0.95,-0.147
12910,0.93,-0.224
12916,0.92,-0.06
12931,1.09,0.486
12959,0.98,-0.086
12969,0.82,-0.588
12977,1.16,0.475
12996,0.96,0.059
13013,0.91,-0.295
13014,0.52,-1.323
13028,1.08,0.647
13051,1.01,-0.099
13067,0.92,-0.259
13087,0.78,-0.196
13106,0.99,-0.027
13113,0.75,-0.576
13149,0.92,-0.26
13174,1.04,-0.028
13189,0.88,-0.378
13200,0.93,-0.21
13215,0.89,-0.397
13231,0.98,0.437
13249,0.7,-0.853
13257,1.43,0.754
13265,0.96,-0.333
13287,0.88,-0.304
13301,0.74,-0.685
13330,0.78,-0.566
13338,1.07,0.155
13350,0.97,0.437
13363,0.78,-0.623
13389,1.01,0.056
13395,0.83,-0.498
13407,0.73,-0.642
13426,1.01,0.235
13431,0.81,-0.531
13452,0.99,0.165
13467,1.13,0.22
13483,0.73,-0.666
13492,0.82,-0.402
13503,0.93,-0.342
13520,0.59,-1.097
13524,0.93,-0.284
13553,1.28,0.452
13568,1.05,-0.068
13587,0.71,-0.675
13603,1.15,0.84
13614,1.04,0.298
13630,1.23,0.421
13643,0.95,-0.343
13656,0.71,-0.653
13664,0.9,-0.322
13683,1.22,0.396
13711,0.88,-0.399
13717,1.11,0.552
13742,0.94,-0.256
13748,0.78,-0.536
13766,0.81,-0.53
13782,1.09,0.262
13793,1.15,0.538
13814,0.83,-0.338
13826,1.54,0.869
13840,1.03,-0.161
13852,0.85,-0.435
13866,1.08,0.555
13885,0.96,-0.34
13894,0.99,-0.117
13908,1.0,0.342
13915,0.85,-0.277
13936,0.89,-0.444
13968,0.86,-0.377
13971,1.17,0.417
13991,1.33,0.472
14004,1.06,0.256
14014,0.96,0.255
14031,1.08,0.065
14039,1.06,0.282
14067,0.96,0.064
14079,1.07,0.136
14086,1.07,0.398
14105,0.98,0.041
14130,0.99,-0.037
14144,0.71,-0.727
14149,0.92,-0.226
14161,0.97,-0.128
14180,1.06,0.351
14206,0.84,-0.446
14217,1.02,-0.047
14231,0.72,-0.666
14251,0.94,-0.232
14272,1.09,0.449
14305,0.71,-0.677
14314,0.69,-0.689
14334,1.08,0.044
14340,0.99,-0.134
14362,0.63,-0.854
14373,1.0,-0.058
14386,0.84,-0.418
14396,0.74,-0.62
14405,1.05,0.638
14417,0.79,-0.553
14444,1.23,0.343
14459,0.92,-0.474
14475,0.94,-0.149
14488,1.03,0.134
14510,1.11,0.211
14517,1.14,0.395
14535,0.83,-0.419
14547,0.95,-0.182
14555,1.01,0.073
14574,1.06,0.085
14591,1.06,0.363
14593,1.04,0.926
14619,1.11,0.27
14660,1.06,0.025
14685,0.86,-0.458
14692,0.74,-0.541
14701,1.21,0.293
14722,1.17,0.333
14725,1.1,0.359
14748,0.99,-0.158
14751,0.81,-0.555
14766,0.48,-1.533
14775,0.56,-1.233
14785,1.25,0.41
14813,1.05,0.096
14823,0.98,0.023
14838,0.9,-0.359
14858,1.15,0.221
14866,0.78,-0.454
14888,0.92,-0.156
14900,0.89,-0.379
14917,0.87,-0.258
14919,1.27,0.584
14946,1.07,0.447
14970,0.88,-0.467
14985,0.99,0.223
14986,0.89,-0.324
15011,0.79,-0.516
15021,0.96,-0.244
15036,1.36,1.032
15072,0.7,-0.727
15074,0.92,-0.345
15102,1.12,0.428
15125,0.55,-1.328
15134,0.54,-1.251
15138,1.01,0.343
15149,0.98,-0.153
15166,1.0,-0.13
15180,1.01,0.345
15199,0.8,-0.572
15211,1.08,0.307
15232,1.14,0.428
15242,0.93,-0.136
15257,1.03,0.094
15263,0.86,-0.333
15288,1.2,0.452
15304,1.03,0.526
15317,0.79,-0.523
15330,1.01,-0.105
15343,0.87,-0.414
15355,1.01,-0.055
15375,0.73,-0.7
15398,0.83,-0.53
15406,0.98,0.003
15428,1.07,0.345
15439,1.08,0.556
15459,1.13,0.407
15499,1.13,0.219
15510,1.04,0.37
15523,0.95,-0.305
15536,1.1,0.798
15555,1.13,0.315
15564,1.22,0.22
15581,0.99,-0.199
15589,1.11,0.366
15612,1.12,0.693
15643,1.14,0.575
15649,1.1,0.679
15672,0.95,-0.183
15697,1.15,0.927
15707,0.81,-0.395
15721,1.12,0.481
15737,1.02,0.128
15747,1.02,-0.091
15769,1.03,0.16
15778,1.02,0.464
15806,1.0,0.069
15818,0.85,-0.467
15830,0.95,-0.091
15849,1.22,0.604
15865,1.03,0.421
15878,0.89,-0.283
15887,0.92,0.486
15901,1.05,0.302
15911,1.13,0.84
15922,0.95,-0.106
15950,1.0,0.155
15959,1.09,0.198
15975,1.15,0.636
15987,0.86,-0.346
15998,0.85,-0.467
16003,1.01,-0.002
16033,0.99,0.084
16046,0.97,-0.063
16059,0.99,-0.205
16069,0.48,-1.503
16095,1.03,0.022
16116,0.99,-0.192
16144,1.02,0.472
16162,0.99,-0.099
16176,0.93,-0.325
16184,0.23,-1.891
16190,0.75,-0.628
16209,1.16,0.253
16218,0.84,-0.414
16231,0.71,-0.73
16238,0.17,-2.425
16240,0.5,-1.457
16244,0.56,-1.327
16283,0.72,-0.729
16299,0.63,-0.862
16332,0.94,-0.101
16340,1.12,0.295
16354,0.72,-0.673
16361,0.96,-0.136
16378,1.43,0.523
16389,1.02,0.036
16396,1.0,0.228
16406,0.7,-0.771
16424,1.02,0.41
16446,0.96,0.426
16457,0.66,-0.909
16463,0.97,-0.137
16486,0.96,-0.188
16492,1.01,0.028
16511,0.78,-0.555
16523,0.95,0.421
16535,0.69,-0.742
16550,1.04,0.247
16557,0.99,0.188
16578,1.05,0.061
16589,1.11,0.087
16600,0.71,-0.638
16616,0.9,-0.261
16620,1.03,0.195
16638,1.05,0.146
16648,1.13,0.693
16653,1.01,-0.008
16677,1.06,0.204
16695,1.05,0.343
16703,1.1,0.448
16725,0.53,-1.283
16742,0.68,-0.983
16745,1.08,0.263
16763,0.75,-0.615
16773,1.05,0.302
16783,0.9,-0.329
16795,0.83,-0.486
16806,0.99,-0.146
16814,0.87,-0.413
16835,0.72,-0.717
16852,0.44,-1.579
16857,1.19,0.467
16863,1.41,0.923
16878,0.84,-0.437
16888,0.74,-0.601
16894,0.73,-0.626
16921,1.0,0.425
16929,0.65,-0.996
16943,0.63,-0.905
16952,1.0,0.051
16971,1.01,-0.01
16984,0.9,-0.292
17003,1.2,0.458
17023,0.93,-0.198
17052,0.98,0.012
17058,1.25,0.774
17068,0.92,-0.368
17082,1.35,0.822
17093,0.97,-0.071
17108,0.9,-0.293
17116,0.67,-0.903
17125,0.88,-0.403
17134,0.59,-1.222
17150,0.47,-1.451
17151,0.54,-1.219
17157,0.54,-1.252
17175,0.92,0.473
17178,1.01,-0.117
17190,1.13,0.572
17209,1.16,0.568
17233,0.98,0.45
17246,0.98,0.009
17251,0.82,-0.56
17287,0.59,-1.107
17289,0.8,-0.534
17302,0.98,0.016
17334,0.94,-0.1
17342,0.98,0.439
17368,1.36,0.811
17380,1.13,0.277
17392,1.06,0.204
17415,1.19,0.591
17428,1.11,0.312
17442,0.98,0.01
17449,1.51,0.799
17479,1.15,0.251
17489,0.8,-0.578
17512,0.91,0.448
17519,1.11,0.372
17529,0.86,-0.37
17541,1.0,0.022
17571,1.04,0.271
17578,1.12,0.579
17589,0.84,-0.422
17598,0.79,-0.446
17623,0.59,-1.158
17635,1.03,0.041
17645,1.04,0.383
17650,0.85,-0.391
17664,0.81,-0.464
17676,0.86,-0.297
17681,0.98,0.284
17700,1.03,0.395
17718,1.01,0.042
17734,1.04,0.107
17756,0.93,-0.232
17773,1.23,0.599
17785,1.12,0.447
17812,0.96,0.398
17839,1.23,0.944
17854,1.07,0.138
17872,1.05,0.294
17886,1.0,0.243
17906,1.07,0.449
17923,1.13,0.862
17932,1.26,0.468
17947,1.05,0.801
17966,0.94,0.123
17975,0.44,-1.544
17984,1.12,0.282
18004,1.01,0.377
18018,0.98,0.325
18029,1.31,0.651
18039,1.26,0.561
18053,1.01,0.021
18058,1.18,0.34
18074,0.77,-0.651
18078,1.0,-0.042
18092,1.04,-0.069
18101,1.05,0.509
18109,1.14,0.692
18133,0.72,-0.768
18142,0.98,-0.119
18151,1.07,0.721
18166,0.99,-0.14
18174,0.94,-0.255
18187,0.54,-1.247
18188,0.57,-1.141
18197,0.64,-0.957
18203,1.05,0.215
18219,0.98,-0.24
18228,0.76,-0.523
18247,1.08,0.148
18258,0.68,-0.844
18266,0.78,-0.645
18277,0.94,-0.314
18291,0.98,0.092
18306,1.0,0.43
18312,0.72,-0.652
18326,1.0,-0.023
18329,0.91,-0.351
18339,1.03,0.531
18363,0.88,-0.274
18386,1.07,0.427
18388,0.8,-0.486
18412,0.96,-0.199
18421,1.14,0.42
18434,1.07,0.194
18447,0.99,0.029
18452,1.14,0.254
18461,0.96,-0.243
18472,0.85,-0.196
18486,1.04,0.304
18494,1.05,0.145
18512,0.83,-0.383
18533,0.83,-0.449
18537,0.67,-0.847
18540,0.75,-0.587
18566,0.98,-0.083
18570,1.18,0.394
18588,0.99,0.796
18605,1.1,0.28
18607,1.03,0.312
18634,1.29,0.557
18642,1.03,0.587
18650,1.0,0.198
18660,0.93,-0.119
18689,0.96,-0.319
18708,0.98,0.355
18713,0.71,-0.754
18733,1.01,0.079
18757,1.05,0.304
18784,0.81,-0.464
18795,0.98,0.177
18796,1.02,-0.087
18840,0.97,-0.161
18861,1.08,0.275
18864,1.2,0.202
18880,1.44,0.742
18884,0.77,-0.144
18900,0.97,0.468
18912,0.99,0.149
18918,1.0,0.426
18927,0.92,-0.324
18941,1.12,0.537
18949,1.05,0.399
18979,0.91,-0.334
18984,1.13,0.377
18993,1.41,0.838
19006,0.42,-1.695
19016,0.95,-0.17
19018,0.94,-0.129
19023,1.2,0.328
19024,1.18,0.391
19043,1.31,0.566
19052,1.03,0.446
19073,1.53,0.879
19092,1.49,0.691
19105,1.0,0.326
19124,0.84,-0.465
19140,0.72,-0.673
19147,0.82,-0.569
19156,1.01,0.092
19168,0.96,-0.099
19180,1.04,-0.006
19193,0.98,-0.011
19207,0.72,-0.707
19211,1.08,0.482
19222,1.03,-0.064
19234,0.8,-0.52
19259,0.91,-0.446
19276,0.92,-0.311
19285,1.2,0.304
19294,1.02,-0.141
19308,1.32,0.662
19329,1.06,0.165
19335,0.66,-0.822
19349,0.83,-0.423
19353,1.04,-0.085
19369,0.84,-0.426
19380,1.03,0.033
19414,0.68,-0.818
19417,0.28,-2.003
19426,0.91,-0.336
19449,0.99,0.07
19461,1.39,0.487
19477,0.77,-0.574
19481,0.74,-0.606
19495,0.86,-0.277
19498,1.02,-0.13
19512,1.05,0.222
19526,0.99,-0.307
19527,0.87,-0.273
19550,0.68,-0.721
19553,0.54,-1.21
19566,1.07,0.119
19575,1.22,0.244
19588,0.79,-0.201
19605,0.9,-0.338
19608,0.88,-0.393
19627,1.05,0.389
19630,0.98,-0.231
19646,1.07,0.119
19658,0.83,-0.48
19669,0.89,-0.276
19685,0.84,-0.44
19700,1.0,-0.034
19705,1.01,-0.02
19715,1.03,0.491
19734,0.95,-0.135
19746,0.79,-0.564
19756,0.85,-0.437
19764,0.98,-0.122
19777,1.09,0.258
19785,1.14,0.335
19813,1.02,0.091
19826,0.99,0.414
19836,0.99,0.194
19853,1.08,0.373
19862,1.02,0.169
19872,1.02,0.156
19883,1.02,-0.037
19894,1.01,-0.063
19897,0.75,-0.607
19915,0.98,-0.165
19933,0.73,-0.757
19951,1.16,0.926
19962,1.1,0.391
19982,0.18,-2.389
19987,0.97,-0.018
19996,1.12,0.252
20007,0.88,-0.434
20014,1.19,0.183
20034,1.08,0.326
20041,1.01,0.32
20055,1.08,0.329
20065,0.7,-0.754
20084,1.11,0.063
20093,1.11,0.434
20105,1.15,0.507
20109,0.72,-0.696
20114,0.72,-0.652
20120,1.06,0.0
20138,0.87,-0.363
20146,1.01,0.431
20149,1.27,0.434
20162,1.04,-0.039
20178,1.02,0.241
20199,0.63,-0.858
20208,0.99,0.019
20242,0.86,-0.339
20253,1.08,0.085
20260,1.17,0.201
20266,1.1,0.706
20276,0.78,-0.527
20294,0.94,-0.28
20300,0.92,-0.171
20308,1.07,0.709
20332,1.05,0.484
20345,0.83,-0.447
20356,0.86,-0.483
20389,0.96,-0.188
20393,1.11,0.638
20405,0.86,-0.271
20416,1.01,0.389
20423,1.19,0.638
20440,1.1,0.341
20450,1.28,0.69
20454,1.02,0.326
20466,1.03,0.155
20498,1.26,0.478
20508,1.24,0.373
20510,0.98,-0.172
20527,0.56,-1.323
20537,0.94,0.437
20540,1.42,0.611
20553,0.99,-0.303
20569,1.01,-0.134
20589,0.94,-0.138
20597,0.75,-0.646
20607,0.98,0.007
20624,1.1,0.406
20626,1.18,0.646
20638,0.9,-0.265
20644,0.89,-0.28
20652,0.99,0.237
20667,0.82,-0.114
20668,1.03,0.413
20678,1.18,0.145
20703,1.14,0.113
20747,1.13,0.131
20764,0.85,-0.405
20768,0.79,-0.472
20791,1.01,0.336
20799,0.36,-1.78
20807,1.16,0.787
20819,0.2,-2.287
20824,0.2,-2.26
20836,0.87,-0.472
20851,0.33,-1.871
20857,0.35,-1.783
20867,0.25,-1.982
20869,0.57,-1.418
20870,0.58,-1.066
20871,0.52,-1.368
20878,0.4,-1.638
20890,0.72,-0.636
20897,1.01,0.09
20898,0.99,0.055
20905,1.12,0.143
20920,1.01,0.021
20936,1.05,1.206
20968,0.89,-0.385
20974,1.24,0.702
20982,0.85,-0.498
20994,0.61,-1.109
21025,0.84,-0.45
21039,1.23,0.268
21049,1.09,0.123
21065,0.98,-0.056
21084,0.67,-0.803
21112,0.78,-0.539
21125,0.77,-0.57
21130,0.78,-0.552
21133,1.05,0.383
21144,0.87,-0.266
21154,1.16,0.179
21173,1.11,0.179
21183,0.96,-0.206
21190,1.06,0.129
21207,1.11,0.265
21217,1.03,-0.162
21238,0.96,-0.201
21255,1.12,0.361
21270,0.83,-0.524
21292,0.99,-0.196
21298,0.95,-0.198
21305,0.75,-0.707
21322,0.96,-0.245
21335,1.02,0.141
21343,0.65,-0.859
21357,1.02,-0.016
21372,0.81,-0.496
21405,0.94,-0.243
21415,1.11,0.175
21425,0.87,-0.324
21445,0.95,-0.218
21457,0.82,-0.508
21468,0.96,-0.104
21470,1.02,0.139
21477,0.75,-0.588
21492,0.82,-0.518
21512,1.04,0.012
21539,0.96,-0.055
21549,1.12,0.154
21557,0.87,-0.351
21568,0.85,-0.496
21570,1.02,0.46
21572,1.13,0.452
21582,1.27,0.392
21587,1.14,0.354
21592,1.09,0.182
21593,1.07,0.198
21595,1.04,0.115
21617,0.97,-0.079
21640,0.98,-0.143
21657,0.57,-1.179
21670,1.25,0.486
21677,1.14,0.76
21688,1.12,0.417
21693,0.78,-0.624
21713,1.37,0.593
21727,1.05,-0.04
21731,1.03,0.526
21760,0.95,-0.032
21774,0.92,-0.336
21792,0.87,-0.407
21797,0.94,-0.17
21812,1.01,0.034
21817,1.02,0.055
21827,1.17,0.199
21844,0.92,-0.37
21852,0.91,-0.251
21864,0.83,-0.416
21872,0.69,-0.663
21876,1.0,0.074
21903,0.99,0.075
21911,0.81,-0.6
21923,1.05,0.296
21926,1.23,0.43
21936,1.08,0.144
21947,0.55,-1.193
21958,1.04,0.402
21981,1.02,-0.005
21992,1.02,-0.14
22019,0.76,-0.57
22021,1.02,-0.079
22032,0.59,-1.242
22048,0.99,-0.184
22052,1.0,0.599
22072,1.0,-0.098
22085,0.98,0.007
22093,1.22,0.496
22104,0.88,-0.205
22118,0.93,-0.35
22126,0.66,-0.95
22148,1.02,0.194
22163,0.96,0.061
22179,1.02,0.036
22185,0.89,-0.398
22196,0.83,-0.56
22202,0.72,-0.612
22223,1.2,0.274
22249,0.87,-0.369
22267,1.1,0.485
22274,0.8,-0.563
22295,0.84,-0.404
22332,0.59,-1.17
22335,1.19,0.331
22345,1.1,0.274
22358,1.14,0.415
22370,1.01,-0.136
22376,1.04,0.175
22387,0.88,-0.503
22393,1.22,0.287
22401,1.18,0.215
22432,1.04,0.24
22437,0.97,-0.209
22459,0.99,0.472
22468,1.16,0.405
22481,1.09,0.19
22485,1.08,0.246
22494,1.09,0.164
22510,0.99,-0.033
22523,1.06,0.098
22538,1.02,-0.05
22564,0.94,-0.208
22573,0.93,-0.217
22581,0.88,-0.361
22589,0.79,-0.556
22600,0.86,-0.451
22613,0.96,-0.121
22620,1.02,0.003
22630,1.02,0.159
22642,1.04,-0.098
22653,0.74,-0.611
22665,0.96,-0.231
22677,0.89,-0.278
22689,1.15,0.383
22710,0.82,-0.508
22721,0.91,-0.234
22733,0.81,-0.611
22750,1.15,0.118
22762,1.02,0.062
22770,0.65,-0.957
22782,0.97,0.314
22799,0.93,-0.172
22806,0.97,-0.031
22836,0.95,-0.132
22841,0.89,-0.188
22865,0.95,-0.223
22903,0.79,-0.512
22905,0.59,-1.177
22919,0.85,-0.435
22930,1.27,0.603
22941,0.96,-0.062
22952,0.81,-0.471
22971,0.87,-0.379
22982,0.95,-0.158
22998,1.02,0.154
23008,1.24,0.28
23042,0.77,-0.506
23061,1.02,-0.03
23071,0.8,-0.531
23079,0.92,-0.38
23087,1.07,0.261
23097,1.01,0.086
23123,1.07,0.344
23132,0.98,-0.022
23139,0.97,-0.124
23144,0.92,-0.286
23154,1.19,0.287
23167,1.25,0.171
23182,0.83,-0.532
23191,0.59,-1.122
23215,0.97,-0.111
23222,0.84,-0.394
23244,1.01,0.026
23255,1.22,0.631
23262,1.03,-0.045
23270,0.91,-0.337
23287,1.15,0.437
23301,0.78,-0.577
23306,1.01,0.078
23317,1.03,0.016
23330,0.99,-0.068
23335,1.12,0.537
23344,1.0,0.192
23379,0.95,-0.225
23391,0.75,-0.587
23394,0.92,-0.278
23410,0.98,-0.026
23423,1.0,0.226
23434,0.79,-0.578
23449,0.8,-0.53
23455,1.07,0.099
23465,0.77,-0.513
23472,0.75,-0.662
23486,0.85,-0.504
23508,0.68,-0.81
23514,1.0,0.06
23528,0.81,-0.432
23537,0.77,-0.562
23561,0.6,-1.295
23565,0.79,-0.331
23578,1.17,0.205
23583,0.84,-0.453
23596,1.05,0.154
23613,0.48,-1.385
23646,0.54,-1.26
23648,0.54,-1.215
23656,0.55,-1.337
23661,0.96,-0.181
23674,1.04,0.3
23679,0.94,-0.215
23688,1.05,0.41
23705,1.03,0.03
23714,0.87,-0.329
23726,1.04,0.144
23736,0.99,0.219
23748,0.72,-0.662
23757,1.03,-0.05
23769,1.12,0.493
23790,0.93,-0.226
23792,0.92,0.003
23806,0.8,-0.506
23812,0.83,-0.41
23827,1.15,0.407
23837,1.07,0.429
23840,0.95,-0.077
23848,1.03,0.187
23861,1.06,0.384
23870,1.02,0.034
23891,0.7,-0.762
23899,0.87,-0.307
23910,0.98,0.237
23914,1.01,-0.016
23925,1.12,0.277
23932,0.91,-0.176
23949,0.99,-0.161
23956,0.95,-0.19
23959,0.95,0.374
23971,1.12,0.22
23978,0.85,-0.448
23999,1.1,0.267
24004,0.96,-0.231
24017,0.93,-0.301
24023,1.02,0.16
24041,0.96,-0.27
24052,0.8,-0.23
24060,1.08,0.174
24066,0.82,-0.39
24075,0.98,-0.235
24078,0.76,-0.672
24094,0.97,-0.161
24111,0.85,-0.441
24134,1.06,0.22
24142,1.01,-0.003
24151,0.6,-1.117
24160,1.13,0.292
24174,0.51,-1.298
24183,0.99,-0.025
24185,1.02,0.242
24196,0.83,-0.625
24210,0.82,-0.576
24234,0.87,-0.414
24252,1.01,-0.078
24257,1.0,-0.049
24266,1.11,-0.055
24271,1.01,0.077
24286,1.03,0.061
24291,1.06,0.214
24298,0.89,-0.296
24303,0.93,-0.308
24314,0.9,-0.274
24333,0.96,-0.094
24347,1.06,0.1
24357,1.17,0.806
24368,1.0,0.152
24379,1.01,0.452
24388,1.02,0.365
24391,0.83,-0.647
24405,1.11,0.774
24411,1.01,-0.092
24412,0.99,-0.103
24418,1.01,0.593
24434,1.12,0.1
24457,0.82,-0.505
24461,1.19,0.474
24471,0.86,-0.352
24475,1.03,-0.116
24481,1.06,0.108
24487,0.99,0.164
24494,1.28,0.456
24504,1.18,0.209
24507,0.72,-0.65
24524,0.71,-0.808
24535,1.02,0.043
24555,0.9,-0.377
24563,1.23,0.436
24569,1.0,-0.075
24574,1.02,0.445
24585,0.93,-0.083
24597,0.9,-0.279
24605,1.1,0.111
24606,0.61,-0.862
24619,1.08,0.713
24638,0.89,-0.367
24640,0.97,-0.223
24653,0.94,0.501
24662,0.73,-0.63
24671,1.07,0.045
24677,1.05,0.23
24686,0.66,-1.045
24695,0.75,-0.601
24705,0.96,-0.001
24708,0.83,-0.474
24715,0.87,-0.393
24744,1.08,0.271
24749,0.88,-0.276
24761,1.03,-0.122
24772,0.96,-0.259
24784,0.98,-0.076
24790,0.77,-0.567
24801,0.78,-0.567
24805,0.76,-0.65
24812,0.99,-0.181
24824,0.72,-0.822
24833,1.09,0.222
24859,1.12,0.294
24864,1.08,0.369
24871,1.02,0.041
24883,0.73,-0.694
24897,0.87,-0.298
24907,1.01,-0.094
24938,0.98,-0.109
24954,1.01,0.224
24960,1.07,0.244
24975,1.31,0.371
24988,0.83,-0.481
25026,0.91,-0.411
25067,0.75,-0.616
25086,1.09,0.279
25109,1.01,-0.097
25115,1.08,0.117
25137,0.96,-0.108
25158,0.93,-0.009
25184,0.92,-0.042
25209,0.75,-0.556
25225,0.71,-0.657
25235,1.12,0.132
25247,0.98,-0.066
25252,0.68,-0.773
25273,0.96,-0.165
25292,0.91,-0.149
25301,0.91,-0.069
25310,1.05,0.008
25324,0.63,-1.053
25340,0.79,-0.546
25361,1.21,0.348
25386,0.73,-0.638
25412,1.06,0.094
25427,1.04,0.03
25456,0.67,-0.956
25463,0.66,-1.0
25468,0.99,0.084
25514,1.09,0.534
25550,1.11,0.309
25572,0.96,-0.129
25585,1.41,0.715
25591,1.21,0.699
25624,0.72,-0.799
25640,0.91,-0.413
25649,1.07,0.383
25672,1.02,0.082
25708,1.12,0.511
25744,1.01,-0.117
25746,1.14,0.518
25770,1.4,0.754
25791,0.97,0.009
25823,1.03,0.214
25854,0.97,-0.102
25855,0.99,-0.19
25869,0.72,-0.721
25876,0.7,-0.676
25905,0.91,-0.404
25937,0.87,-0.338
25978,1.04,0.371
26008,0.84,-0.514
26043,0.66,-0.996
26055,0.65,-0.788
26062,0.92,-0.239
26101,0.97,-0.121
26108,1.01,0.111
26139,0.8,-0.538
26164,1.11,0.362
26167,1.06,0.398
26198,0.92,-0.368
26222,0.65,-1.036
26237,0.64,-1.059
26252,0.98,0.052
26264,0.88,-0.328
26293,1.08,0.24
26303,0.63,-1.102
26324,0.51,-1.253
26325,0.64,-0.999
26355,0.59,-1.229
26357,0.6,-1.138
26366,0.78,-0.477
26404,1.0,0.43
26448,0.78,-0.475
26455,1.03,0.064
26465,1.11,0.142
26500,0.76,-0.524
26539,0.77,-0.613
26552,0.83,-0.373
26582,0.95,-0.256
26604,0.84,-0.396
26646,0.85,-0.413
26672,0.81,-0.422
26698,0.88,-0.418
26726,0.48,-1.495
26731,0.51,-1.384
26752,0.78,-0.508
26756,1.2,0.467
26762,1.26,0.422
26787,0.83,-0.457
26795,0.97,-0.172
26837,0.7,-0.786
26874,0.83,-0.387
26904,0.99,-0.125
26922,0.86,-0.183
26969,0.98,-0.059
26990,0.82,-0.378
27018,0.79,-0.575
27031,0.99,-0.153
27058,0.64,-1.06
27066,0.7,-1.111
27097,0.9,-0.092
27123,0.86,-0.471
27137,0.95,-0.14
27155,0.88,-0.456
27171,1.21,0.689
27209,1.09,0.005
27241,0.97,0.012
27252,0.54,-1.213
27277,0.59,-1.229
27287,1.11,0.318
27315,0.96,0.368
27341,0.94,-0.329
27376,1.16,0.312
27402,1.0,-0.253
27448,0.97,0.066
27453,0.95,-0.341
27489,1.01,0.201
27522,1.2,0.449
27557,1.03,-0.089
27562,1.08,0.568
27618,1.42,0.519
27650,0.74,-0.745
27674,0.95,-0.064
27688,0.95,0.146
27728,1.06,0.106
27749,0.66,-0.931
27757,0.66,-0.983
27771,0.93,-0.341
27802,0.91,-0.279
27838,0.99,-0.116
27843,0.96,-0.134
27867,1.01,0.056
27891,1.1,0.113
27902,1.08,0.061
27927,0.93,-0.297
27946,0.8,-0.586
27973,0.96,0.071
28015,0.88,-0.337
28032,0.94,-0.233
28060,0.95,-0.148
28101,0.48,-1.509
28110,0.45,-1.569
28148,1.04,-0.096
28185,0.72,-0.733
28227,1.0,-0.044
28245,0.83,-0.237
28284,1.07,0.34
28297,1.0,-0.08
28313,1.03,0.049
28338,0.64,-1.066
28347,0.64,-1.021
28389,0.75,-0.662
28406,0.82,-0.423
28449,0.81,-0.469
28473,0.97,-0.122
28498,1.02,-0.116
28523,0.75,-0.574
28540,1.11,0.301
28586,0.96,-0.239
28611,1.05,0.193
28636,1.17,0.598
28679,0.89,-0.226
28716,1.04,0.004
28723,0.67,-0.936
28737,0.67,-0.836
28741,0.92,-0.208
28768,1.08,0.004
28789,0.99,-0.181
28838,0.57,-1.292
28849,0.57,-1.212
28874,1.12,0.374
28886,1.03,-0.008
28899,0.92,-0.288
28922,1.05,0.151
28952,0.89,-0.308
28992,0.99,-0.255
29014,0.88,-0.157
29048,0.59,-1.134
29054,0.58,-1.26
29078,1.13,0.44
29100,0.67,-0.971
29105,0.7,-0.731
29117,1.29,0.556
29124,1.07,0.507
29154,0.82,-0.442
29185,0.73,-0.784
29213,0.81,-0.584
29232,0.67,-0.928
29242,0.7,-0.857
29251,1.07,0.056
29292,1.08,0.578
29330,1.01,0.481
29365,1.06,0.586
29404,0.96,-0.313
29418,1.05,0.173
29421,1.07,0.579
29437,1.87,0.867
29475,1.01,0.127
29492,1.16,0.453
29511,1.03,0.216
29549,0.92,-0.185
29592,0.98,-0.153
29598,1.05,0.342
29632,1.33,0.433
29643,1.01,-0.007
29659,0.89,-0.027
29661,0.97,0.19
29673,1.33,0.428
29715,0.91,-0.386
29727,0.9,-0.432
29759,0.61,-1.071
29774,0.51,-1.492
29780,0.6,-1.187
29790,0.72,-0.714
29821,1.04,0.195
29834,1.11,0.461
29861,0.79,-0.556
29883,0.96,-0.138
29905,1.01,-0.097
29930,1.07,0.462
29943,1.11,0.51
29959,0.99,-0.132
29990,1.19,0.459
30006,1.03,0.209
30014,0.97,0.365
30046,1.19,0.351
30098,1.09,0.573
30109,0.78,-0.617
30140,0.94,0.562
30156,0.52,-1.42
30158,0.56,-1.286
30189,0.94,-0.322
30223,1.0,0.006
30239,1.04,0.244
30263,1.15,0.321
30288,0.98,0.212
30293,1.01,0.274
30343,0.96,-0.163
30363,1.08,0.357
30374,1.1,0.218
30393,0.75,-0.655
30413,1.12,0.28
30443,1.01,0.503
30460,1.16,0.278
30487,1.29,0.514
30498,1.0,0.146
30537,0.96,0.396
30595,1.05,0.144
30607,0.83,-0.402
30639,1.05,0.137
30666,0.86,-0.516
30688,1.29,0.346
30707,0.53,-1.349
30718,0.88,-0.352
30755,1.12,0.195
30764,1.29,0.524
30808,1.1,0.053
30819,0.61,-1.18
30822,0.62,-1.064
30823,0.58,-1.194
30852,0.97,-0.135
30874,0.72,-0.811
30928,1.03,0.406
30932,1.22,0.354
30939,1.11,0.819
30976,1.16,0.566
30994,1.2,0.203
31044,1.15,0.644
31065,0.92,-0.337
31082,0.95,-0.331
31104,0.99,0.048
31121,0.96,-0.039
31134,1.14,0.283
31146,0.93,-0.202
31158,1.0,0.262
31177,1.21,0.435
31178,1.24,0.462
31210,0.83,-0.509
31212,0.79,-0.579
31234,1.05,0.269
31245,0.78,-0.404
31252,0.94,-0.169
31297,0.68,-0.805
31313,1.0,0.028
31351,0.87,-0.411
31359,1.07,0.111
31378,1.29,0.727
31390,0.15,-2.448
31392,0.14,-2.511
31402,0.14,-2.52
31406,0.13,-2.62
31423,0.79,-0.398
31427,0.9,-0.341
31434,1.15,0.24
31446,1.07,0.247
31450,0.99,-0.031
31461,1.07,-0.018
31465,1.01,-0.15
31468,0.93,-0.054
31480,0.93,-0.323
31482,0.89,-0.337
31496,0.91,-0.089
31502,0.98,-0.148
31512,1.06,0.245
31520,0.96,0.29
31529,0.83,-0.46
31534,0.87,-0.39
31551,1.12,0.349
31557,1.23,0.326
31570,1.09,0.312
31590,1.11,0.498
31626,1.46,0.88
31630,1.08,0.782
31640,1.2,0.33
31648,1.03,0.305
31665,1.54,1.129
31667,1.11,0.798
31671,0.71,-0.731
31674,0.73,-0.701
31693,0.71,-0.762
31699,0.54,-1.357
31706,0.63,-1.113
31707,0.96,-0.139
31710,0.88,-0.236
31730,1.03,0.347
31737,0.57,-1.102
31739,0.64,-1.042
31756,0.58,-1.094
31757,0.57,-1.051
31770,0.61,-0.932
31771,0.72,-0.826
31773,0.74,-0.664
31777,0.75,-0.566
31809,0.84,-0.425
31816,0.28,-2.1
31830,0.16,-2.469
31836,0.33,-1.939
31847,0.19,-2.248
31853,0.27,-2.0
31869,0.95,-0.19
31900,0.57,-1.276
31908,0.6,-1.152
31941,1.19,0.554
31949,1.02,0.084
31966,0.97,-0.207
31984,1.0,0.053
32001,0.9,-0.255
32005,0.9,-0.255
32006,0.85,-0.378
32017,1.05,0.246
32035,1.82,0.926
32045,1.0,0.079
32063,1.06,0.484
32080,1.28,0.338
32112,1.02,0.323
32124,0.95,-0.286
32136,1.05,-0.076
32138,0.99,-0.116
32146,1.41,0.71
32165,0.78,-0.513
32170,1.0,0.525
32187,1.02,0.417
32195,0.78,-0.464
32253,0.89,-0.409
32279,0.87,-0.289
32295,1.25,0.478
32305,1.0,0.207
32313,0.76,-0.539
32335,1.16,0.439
32348,0.99,-0.135
32360,1.04,0.079
32377,0.95,-0.173
32399,0.83,-0.518
32417,0.62,-1.131
32425,0.63,-0.984
32459,1.11,0.365
32477,0.96,-0.057
32498,1.13,0.438
32510,0.94,-0.237
32527,0.87,-0.416
32555,1.0,0.172
32561,0.86,-0.279
32575,1.23,0.652
32576,1.37,0.669
32599,1.18,0.536
32614,1.01,0.116
32638,1.15,0.216
32651,1.1,0.349
32663,0.3,-1.891
32667,0.41,-1.577
32691,0.62,-1.079
32703,1.16,0.288
32712,1.11,0.326
32724,1.19,0.289
32736,1.1,0.233
32753,1.03,-0.142
32783,1.0,0.332
32799,1.12,0.498
32812,1.16,0.216
32830,1.06,0.079
32846,0.49,-1.54
32850,1.11,0.353
32868,1.43,0.798
32885,0.99,-0.019
32894,0.33,-1.788
32904,1.09,-0.04
32922,0.9,-0.335
32937,0.64,-0.928
32943,0.66,-0.996
32987,1.41,0.671
33001,1.27,0.655
33022,0.94,-0.28
33029,1.05,0.439
33045,0.96,0.525
33070,1.02,0.351
33085,1.23,0.323
33099,0.99,0.158
33137,1.0,0.036
33163,1.01,-0.132
33179,0.77,-0.552
33195,0.84,-0.458
33205,0.73,-0.62
33228,1.08,0.147
33235,1.11,0.341
33253,0.96,-0.214
33264,1.01,-0.039
33271,0.96,-0.179
33274,0.12,-2.595
33299,1.01,-0.06
33313,0.52,-1.296
33332,0.56,-1.301
33347,1.04,0.207
33362,1.14,0.755
33366,0.93,-0.122
33388,0.75,-0.643
33399,1.21,0.529
33413,1.06,0.107
33420,1.01,0.271
33437,0.75,-0.555
33443,0.93,-0.201
33458,0.9,-0.306
33490,0.69,-0.763
33534,0.86,-0.384
33547,0.66,-0.895
33567,1.04,0.063
33586,0.86,-0.261
33591,0.89,-0.271
33598,0.92,-0.118
33617,1.07,0.264
33631,0.99,-0.048
33645,1.05,0.728
33650,0.88,-0.384
33672,0.95,-0.121
33703,0.38,-1.717
33705,0.45,-1.519
33708,0.4,-1.618
33718,0.48,-1.488
33719,0.27,-2.022
33720,0.94,-0.18
33744,0.99,0.016
33764,0.84,-0.444
33774,0.99,-0.064
33789,0.8,-0.524
33808,0.82,-0.409
33819,0.54,-1.33
33833,1.01,-0.107
33861,0.88,-0.342
33877,0.93,-0.296
33888,0.95,-0.223
33896,0.86,-0.434
33910,1.0,0.029
33919,0.94,-0.214
33933,0.98,-0.084
33948,0.91,-0.211
33968,0.83,-0.555
33983,0.9,-0.337
33989,0.97,-0.311
34031,1.02,-0.004
34044,0.67,-0.896
34055,1.01,-0.169
34063,0.86,-0.414
34082,0.92,-0.101
34087,1.18,0.52
34103,0.96,-0.163
34115,0.9,-0.141
34129,0.96,-0.238
34146,1.03,0.207
34154,0.9,-0.347
34174,1.12,0.324
34191,1.04,0.477
34212,0.99,-0.078
34219,1.08,0.185
34238,1.07,0.079
34245,0.91,-0.193
34261,0.87,-0.348
34285,1.15,0.314
34292,1.0,-0.033
34309,0.9,-0.258
34328,0.83,-0.522
34338,1.21,0.299
34349,0.99,0.189
34359,1.07,0.369
34388,0.89,-0.339
34404,0.86,-0.428
34425,0.98,0.326
34434,1.05,0.392
34454,1.04,0.092
34481,0.95,-0.248
34490,1.09,0.254
34510,0.92,-0.382
34528,0.99,0.041
34538,1.01,0.065
34554,0.65,-0.879
34560,0.67,-0.971
34568,0.99,-0.11
34589,1.02,0.383
34598,0.97,0.305
34620,1.0,-0.057
34622,0.9,-0.418
34645,0.98,-0.111
34686,0.54,-1.305
34696,1.04,0.173
34728,1.04,-0.04
34743,0.79,-0.578
34745,0.76,-0.591
34750,0.69,-0.678
34776,1.16,0.341
34810,0.64,-0.862
34820,0.91,-0.318
34826,1.18,0.291
34849,1.13,0.406
34876,0.99,-0.042
34878,1.12,0.385
34890,0.92,-0.283
34912,0.98,-0.157
34914,0.96,-0.14
34925,1.04,0.302
34938,1.2,0.389
34985,1.19,0.421
34995,1.23,0.735
35021,1.15,0.382
35032,0.92,0.532
35050,1.04,0.483
35058,0.99,-0.024
35080,0.96,0.39
35086,1.23,0.398
35114,1.29,0.71
35128,1.23,0.451
35140,0.95,-0.259
35166,1.07,0.418
35171,1.0,-0.053
35188,1.09,-0.044
35200,1.17,0.467
35248,0.94,-0.253
35262,0.92,-0.27
35284,0.97,0.119
35287,1.05,0.462
35302,1.22,0.324
35320,0.87,-0.299
35342,1.02,0.279
35357,0.63,-0.899
35378,0.77,-0.526
35382,1.04,0.051
35399,0.76,-0.626
35408,0.69,-0.814
35425,0.79,-0.356
35447,0.85,-0.313
35468,0.99,-0.111
35474,0.77,-0.595
35491,1.04,0.182
35510,0.9,-0.396
35532,1.02,0.358
35546,0.87,-0.376
35562,0.94,-0.1
35576,0.94,-0.081
35588,0.97,-0.112
35596,0.89,-0.344
35612,0.65,-0.907
35618,0.76,-0.507
35646,0.56,-1.295
35655,1.0,0.39
35662,0.91,0.449
35678,0.9,-0.348
35704,1.06,0.231
35709,1.08,0.194
35713,0.73,-0.678
35725,0.99,0.197
35735,0.81,-0.457
35746,0.95,0.48
35765,0.97,-0.041
35778,0.95,0.209
35791,0.96,-0.051
35805,1.02,0.108
35814,0.77,-0.567
35822,0.95,-0.024
35837,0.92,-0.153
35847,0.91,-0.021
35856,0.81,-0.097
35863,1.03,0.192
35874,0.97,0.141
35892,0.56,-1.305
35903,0.92,-0.233
35914,0.78,-0.427
35927,0.98,-0.078
35937,0.8,-0.159
35950,1.02,0.151
35961,0.98,-0.025
35973,0.98,0.388
35988,1.35,0.618
35989,1.1,0.696
36008,0.97,0.23
36029,0.9,-0.276
36031,0.88,-0.159
36044,1.05,0.067
36066,0.95,0.036
36077,0.55,-1.319
36080,0.53,-1.385
36088,0.86,-0.501
36100,1.0,0.037
36116,0.86,-0.481
36127,1.01,0.265
36142,0.8,-0.499
36160,0.83,-0.484
36176,1.05,0.085
36188,1.08,0.46
36199,1.06,0.165
36217,0.83,-0.504
36237,1.0,0.604
36243,1.03,0.134
36253,1.01,0.448
36268,0.96,0.032
36291,0.81,-0.362
36301,1.02,-0.039
36334,0.91,-0.223
36337,0.91,-0.313
36356,0.94,-0.319
36373,0.91,-0.317
36387,0.98,0.227
36405,1.0,0.261
36416,1.0,0.236
36427,1.03,0.035
36440,0.52,-1.375
36459,0.9,-0.298
36470,0.99,0.374
36487,0.81,-0.517
36495,0.85,-0.35
36513,0.52,-1.301
36522,0.89,-0.213
36540,1.0,0.018
36560,1.05,0.332
36567,0.94,-0.123
36575,1.09,0.332
36599,0.72,-0.692
36607,0.94,-0.176
36616,0.99,-0.222
36643,1.0,0.376
36670,1.02,0.36
36693,0.81,-0.494
36707,0.87,-0.215
36730,1.12,0.344
36738,0.92,-0.264
36753,0.96,-0.125
36764,0.67,-0.865
36779,1.11,0.416
36795,0.87,-0.457
36838,1.01,0.16
36868,1.3,0.563
36894,1.16,0.451
36914,0.87,-0.28
36924,0.99,-0.117
36943,1.07,0.318
36949,0.85,-0.334
36986,0.96,-0.136
37000,1.04,0.146
37008,1.0,0.451
37025,1.01,0.476
37042,0.83,-0.466
37063,1.1,0.179
37078,1.08,-0.046
37080,0.96,-0.038
37107,0.96,0.054
37124,1.04,0.355
37132,0.98,0.475
37148,1.01,0.095
37156,1.3,0.753
37165,0.93,-0.267
37186,0.81,-0.437
37198,0.63,-0.968
37207,0.86,-0.413
37225,0.54,-1.234
37232,0.28,-1.965
37240,0.85,-0.498
37259,0.87,-0.384
37278,1.01,0.11
37297,0.94,-0.231
37320,0.98,0.857
37327,0.74,-0.683
37340,0.72,-0.583
37359,0.68,-0.895
37373,1.15,0.336
37381,1.1,0.496
37409,1.17,0.342
37413,1.24,0.415
37432,0.85,-0.424
37449,1.24,0.403
37465,1.03,0.274
37467,0.99,0.11
37482,1.11,0.506
37494,0.99,-0.022
37523,1.06,0.47
37541,1.08,0.222
37567,1.21,0.605
37577,1.18,0.517
37610,0.73,-0.745
37615,0.73,-0.77
37634,0.91,-0.358
37641,0.69,-0.798
37656,0.94,-0.226
37672,1.08,0.241
37686,1.02,0.05
37700,1.15,0.541
37717,1.01,0.407
37743,1.01,0.001
37752,0.71,-0.902
37753,0.68,-0.889
37791,0.99,-0.032
37800,0.99,0.323
37810,1.43,0.752
37839,1.15,0.669
37873,0.78,-0.374
37879,0.99,0.086
37900,1.0,-0.124
37908,0.87,-0.398
37923,0.91,-0.185
37955,1.11,0.689
37971,0.85,-0.364
37998,1.01,-0.005
38018,0.98,0.335
38030,1.1,0.122
38043,1.19,0.12
38064,1.17,0.349
38067,0.98,0.232
38083,0.82,-0.543
38095,0.98,0.04
38126,0.35,-1.781
38132,0.63,-1.102
38159,1.03,0.012
38166,1.02,0.07
38188,0.68,-0.793
38195,0.69,-0.745
38217,1.06,0.33
38227,1.06,0.049
38233,0.99,-0.271
38248,1.03,-0.099
38265,1.08,0.437
38323,0.88,-0.362
38326,0.74,-0.612
38351,1.0,-0.047
38353,0.62,-0.921
38373,0.74,-0.605
38389,0.96,-0.217
38405,0.76,-0.507
38418,1.0,0.594
38428,1.26,0.573
38430,1.1,0.605
38455,0.96,-0.212
38471,1.04,0.173
38489,0.99,-0.273
38505,1.2,0.827
38526,1.27,0.51
38544,0.99,0.333
38547,0.93,-0.022
38563,0.99,-0.071
38584,0.98,-0.113
38603,0.8,-0.556
38611,0.97,-0.157
38626,0.81,-0.427
38643,0.84,-0.103
38656,1.06,0.215
38668,1.0,0.208
38687,0.91,-0.298
38713,0.74,-0.705
38738,1.0,0.068
38750,0.98,-0.11
38773,1.01,0.326
38795,1.02,0.043
38810,1.05,0.309
38812,1.0,-0.146
38834,1.1,0.134
38844,1.03,0.138
38863,1.07,0.135
38874,0.84,-0.338
38896,0.83,-0.174
38910,1.0,0.033
38931,1.47,0.666
38942,1.08,0.12
38954,0.92,-0.273
38973,1.12,0.296
38990,1.16,0.417
39014,1.05,0.042
39026,1.27,0.446
39045,1.05,-0.043
39049,1.09,0.383
39067,1.03,0.327
39080,1.03,0.588
39087,0.74,-0.735
39100,1.01,0.06
39117,1.03,-0.123
39126,0.66,-0.854
39147,0.92,0.481
39160,1.0,0.288
39175,0.63,-0.875
39185,1.0,0.048
39221,1.03,0.037
39224,1.02,-0.038
39232,0.74,-0.608
39253,0.64,-0.984
39255,0.99,0.108
39283,0.98,0.365
39286,1.1,0.154
39303,0.93,-0.215
39314,1.16,0.096
39355,0.92,0.264
39367,1.11,0.273
39373,1.31,1.225
39400,1.15,0.494
39406,1.14,0.707
39426,1.03,0.552
39448,0.95,-0.282
39461,1.04,0.245
39475,1.19,0.506
39485,0.88,-0.278
39497,1.03,0.764
39515,1.02,-0.018
39530,1.04,0.167
39546,1.07,0.558
39570,0.92,-0.183
39585,0.98,-0.03
39603,0.98,-0.133
39612,1.1,0.333
39631,1.13,0.314
39645,0.69,-0.684
39664,1.02,0.173
39675,0.98,-0.086
39690,0.73,-0.719
39704,1.05,0.461
39705,1.0,-0.106
39726,1.06,0.378
39751,0.89,-0.322
39764,0.91,-0.211
39775,0.79,-0.478
39792,0.77,-0.639
39825,1.01,0.281
39846,1.0,0.391
39863,0.76,-0.613
39877,0.97,-0.057
39881,0.91,-0.206
39903,0.76,-0.585
39908,0.99,0.407
39916,1.03,0.009
39922,0.95,-0.078
39946,1.01,0.024
39956,1.06,0.134
39961,0.96,0.142
39988,0.96,-0.109
40001,0.85,-0.442
40013,1.0,0.281
40028,1.04,0.355
40057,0.75,-0.642
40062,1.0,0.097
40097,0.81,-0.572
40115,0.89,-0.409
40122,1.08,0.052
40132,0.78,-0.468
40145,0.96,-0.282
40165,1.48,0.738
40169,1.03,-0.052
40186,0.71,-0.629
40201,0.98,-0.194
40211,0.95,-0.261
40233,0.93,-0.225
40243,0.93,-0.306
40257,1.12,0.148
40264,0.99,0.233
40302,0.7,-0.763
40318,0.89,-0.389
40338,1.05,-0.025
40353,0.67,-0.821
40357,1.48,0.618
40361,0.67,-0.775
40371,0.97,-0.299
40390,1.09,0.191
40395,0.88,-0.344
40414,0.53,-1.354
40438,0.77,-0.512
40452,0.82,-0.36
40467,0.88,-0.476
40491,0.88,-0.32
40501,0.97,-0.133
40515,1.04,0.262
40533,1.0,-0.081
40537,1.33,0.511
40571,0.99,-0.108
40584,0.95,-0.283
40600,0.97,-0.047
40605,1.01,-0.145
40623,0.62,-1.047
40642,0.82,-0.427
40645,0.77,-0.585
40656,0.84,-0.413
40668,0.97,-0.05
40682,0.69,-0.831
40701,0.77,-0.57
40710,0.57,-1.229
40718,0.59,-1.139
40734,0.88,-0.419
40743,1.05,0.242
40759,1.18,0.496
40773,1.05,0.193
40780,1.15,0.538
40794,0.53,-1.097
40796,0.62,-1.172
40797,0.59,-1.199
40799,0.61,0.072
40800,0.21,-2.257
40801,0.21,-1.886
40806,0.27,-1.948
40808,0.29,-1.91
40809,0.31,-1.947
40812,0.18,-2.356
40814,0.18,-2.376
40816,0.18,-2.42
40817,0.19,-2.488
40818,0.15,-2.526
40820,0.23,-2.082
40822,0.24,-2.146
40824,0.32,-1.78
40826,0.34,-1.839
40832,0.5,-1.417
40833,0.5,-1.387
40835,0.44,-1.398
40836,0.11,-2.721
40837,0.11,-2.943
40838,0.16,-2.583
40839,0.15,-2.565
40843,0.27,-2.064
40845,0.26,-2.048
40846,0.59,-1.125
40847,0.59,-1.168
40850,0.14,-2.638
40852,0.14,-2.698
40855,0.14,-2.697
40856,0.13,-2.82
40858,0.12,-2.841
40859,0.43,-1.699
40860,0.43,-1.631
40862,0.25,-2.046
40864,0.3,-2.0
40874,0.38,-1.777
40876,0.38,-1.783
40878,0.36,-1.809
40881,0.14,-2.673
40882,0.93,-0.142
40885,0.77,-0.149
40891,0.03,-4.66
40893,0.59,-1.464
40895,1.89,1.152
40898,1.9,1.083
40900,1.72,1.176
40901,1.75,1.087
40905,2.0,1.134
40999,1.66,1.02
41003,1.1,0.74
41012,1.04,0.009
41017,0.99,0.011
41024,1.16,0.302
41028,0.56,-1.172
41032,0.85,-0.386
41038,1.06,0.398
41041,1.3,0.517
41042,1.06,0.531
41046,0.89,-0.309
41050,1.0,-0.086
41053,0.96,0.117
41055,1.03,0.241
41056,1.02,0.27
41062,1.34,0.678
41065,1.19,0.645
41066,0.74,-0.539
41068,1.23,0.371
41069,1.01,0.283
41070,1.26,0.446
41071,1.07,0.432
41073,0.91,-0.259
41074,0.91,-0.292
41075,0.99,0.142
41076,0.96,0.101
41077,1.03,0.531
41078,1.07,0.514
41081,0.95,-0.13
41085,0.95,-0.187
41091,0.86,-0.342
41092,0.83,-0.499
41097,0.77,-0.592
41098,0.74,-0.581
41100,0.87,-0.196
41103,1.21,0.418
41113,0.47,1.974
41115,0.46,1.375
41413,1.14,0.188
41416,1.14,0.277
41428,0.78,-0.339
41434,0.85,-0.397
41440,0.73,-0.574
41451,0.78,-0.529
41457,1.3,0.371
41458,1.19,0.31
41466,1.08,0.241
41473,1.25,0.529
41488,1.79,0.898
41493,0.02,-2.77
41494,0.2,-2.475
41497,0.64,-0.439
41501,0.76,-0.456
41525,1.05,-0.051
41528,0.94,-0.102
41536,0.97,-0.058
41537,0.62,-1.087
41546,0.88,0.007
41550,1.17,0.249
41554,0.68,-0.654
41555,0.88,-0.334
41564,0.84,-0.438
41566,0.8,-0.51
41570,1.12,0.315
41571,1.16,0.3
41573,0.7,-0.683
41585,1.15,0.279
41587,1.19,0.601
41591,0.85,-0.39
41592,0.9,-0.318
41593,0.99,0.036
41594,1.13,0.056
41597,0.8,-0.508
41601,0.82,-0.514
41602,1.41,0.563
41604,1.17,0.502
41606,1.04,0.247
41607,1.03,0.228
41610,0.72,-0.821
41611,0.66,-0.766
41614,0.44,-1.358
41619,0.48,-0.79
41626,0.16,-2.108
41628,0.17,-2.441
41633,0.18,-2.402
41636,0.56,-1.298
41639,0.49,-1.222
41643,0.18,-2.415
41644,0.18,-2.445
41645,0.1,-3.078
41646,0.1,-3.04
41652,0.69,-0.543
41654,1.04,-0.25
41655,1.04,0.317
41660,1.03,0.032
41661,1.13,0.367
41665,1.09,0.671
41671,1.09,0.671
41677,1.03,0.078
41678,1.02,0.088
41680,1.27,0.408
41681,1.16,0.334
41684,1.11,0.624
41685,1.32,0.61
41686,1.06,0.13
41687,1.13,0.097
41691,1.0,0.048
41692,1.08,0.067
41693,0.56,-1.385
41694,0.54,-1.322
41695,1.01,0.114
41696,1.02,0.129
41697,1.09,0.384
41700,0.89,-0.274
41704,0.75,-0.623
41706,0.74,-0.638
41710,0.57,-1.144
41711,1.33,0.692
41712,1.35,0.671
41715,0.68,-0.854
41716,0.66,-0.797
41722,1.12,0.231
41723,1.16,0.227
41726,1.03,-0.021
41728,1.04,-0.027
41733,0.94,-0.169
41735,0.83,-0.397
41737,0.92,-0.181
41739,0.85,-0.463
41740,0.84,-0.403
41741,0.75,-0.634
41743,0.78,-0.577
41745,1.16,0.672
41746,1.47,0.642
41748,1.46,0.653
41750,0.73,-0.701
41751,0.71,-0.739
41752,0.92,-0.147
41754,1.01,-0.135
41755,0.98,-0.151
41757,0.99,0.326
41758,1.23,0.304
41759,0.46,-1.571
41760,0.48,-1.499
41761,0.44,-1.593
41763,0.51,-1.469
41766,0.32,-1.894
41767,0.31,-1.854
41769,1.01,-0.017
41772,0.4,-1.697
41774,0.4,-1.71
41776,0.17,-2.6
41777,0.44,-1.816
41780,0.46,-1.501
41781,0.48,-1.487
41782,0.64,-1.097
41783,0.61,-1.078
41784,0.63,-1.054
41788,0.75,-0.629
41789,0.73,-0.679
41792,0.89,-0.301
41793,0.87,-0.316
41797,0.9,-0.3
41798,0.89,-0.289
41800,1.01,-0.101
41801,0.95,-0.099
41806,0.86,-0.285
41807,0.91,-0.294
41809,0.87,-0.293
41812,0.75,-0.59
41814,0.66,-0.857
41818,0.66,-0.86
41819,0.68,-0.889
41821,0.43,-1.538
41822,0.43,-1.533
41825,0.44,-1.58
41832,0.87,-0.288
41833,0.9,-0.22
41834,0.97,-0.221
41837,0.88,-0.426
41840,0.82,-0.438
41842,1.01,0.033
41843,1.06,0.029
41844,0.55,-1.226
41846,0.54,-1.212
41847,0.96,-0.242
41849,0.88,-0.243
41852,1.13,0.189
41853,1.18,0.049
41854,0.89,-0.167
41855,0.96,-0.155
41859,1.16,0.368
41860,1.02,0.381
41862,1.16,0.402
41863,0.96,0.403
41864,1.17,0.39
41865,1.44,0.334
41866,1.22,0.321
41867,1.02,0.332
41870,0.97,-0.222
41872,0.91,-0.2
41876,1.46,0.713
41878,1.42,0.769
41880,1.02,0.348
41890,0.93,-0.236
41891,0.91,-0.26
41892,0.94,-0.253
41895,1.03,0.026
41896,1.04,0.01
41897,1.04,0.017
41900,0.69,-0.778
41901,1.31,0.471
41903,1.38,0.575
41906,0.71,-0.647
41907,0.79,-0.622
41909,0.6,-1.013
41912,0.65,-0.882
41913,0.81,-0.46
41917,0.99,-0.152
41918,0.94,-0.174
41920,1.08,0.049
41921,0.99,0.033
41922,0.98,0.048
41923,1.76,1.046
41924,1.9,1.068
41927,1.01,0.264
41928,1.1,0.285
41929,1.14,0.268
41931,1.06,0.452
41932,1.23,0.441
41934,0.29,-1.977
41936,0.89,-0.421
41938,0.77,-0.42
41939,0.96,-0.162
41941,0.95,-0.176
41944,0.37,-1.761
41945,0.37,-1.755
41947,0.47,-1.565
41950,1.04,0.027
41952,1.0,0.024
41954,0.23,-2.292
41956,0.25,-2.119
41957,0.23,-2.207
41958,0.25,-2.155
41959,0.49,-1.329
41960,0.5,-1.373
41962,0.45,-1.42
41964,0.36,-1.794
41965,0.34,-1.797
41968,0.49,-1.428
41969,0.47,-1.425
41970,0.86,-0.346
41971,0.92,-0.356
41973,1.0,-0.014
41974,0.95,-0.013
41977,1.1,0.513
41981,1.35,0.497
41983,1.32,0.391
41986,2.54,1.462
41988,1.0,0.047
41990,0.95,0.02
41992,1.08,0.737
41993,1.51,0.748
41994,1.52,0.732
41998,1.44,0.636
41999,1.41,0.694
42001,0.5,-1.539
42002,0.45,-1.578
42005,0.46,-1.556
42006,0.99,-0.036
42009,0.98,-0.01
42013,1.26,0.4
42015,0.18,-2.363
42016,0.18,-2.349
42020,0.69,-0.787
42022,0.46,-1.567
42023,0.45,-1.515
42024,0.49,-1.519
42025,0.46,-1.56
42026,1.15,0.253
42028,1.05,0.239
42030,1.03,0.0
42031,0.96,-0.031
42033,0.46,-1.554
42037,0.84,-0.404
42038,0.85,-0.418
42042,0.51,-1.354
42043,0.51,-1.407
42044,0.54,-1.366
42045,0.25,-2.139
42047,0.26,-2.148
42048,0.27,-2.125
42049,1.01,-0.05
42050,1.03,-0.063
42051,0.99,-0.048
42053,0.4,-1.661
42056,1.13,0.461
42058,1.03,0.501
42060,1.03,0.074
42061,1.04,0.064
42062,0.65,-1.056
42065,0.61,-1.075
42066,1.0,0.262
42068,1.08,0.25
42069,1.04,0.271
42071,0.78,-0.53
42073,0.79,-0.524
42074,1.09,0.121
42075,1.02,0.108
42079,0.56,-1.156
42082,1.15,0.307
42083,0.94,0.297
42085,0.95,-0.07
42086,1.01,-0.058
42088,0.83,-0.373
42090,0.88,-0.379
42092,0.61,-1.057
42093,0.57,-1.149
42094,0.61,-1.051
42095,0.61,-1.06
42096,0.92,-0.316
42097,0.9,-0.316
42100,0.92,-0.053
42101,1.02,-0.063
42105,0.65,-0.879
42106,0.68,-0.856
42109,1.1,0.766
42111,1.51,0.736
42112,0.97,0.197
42114,1.02,0.208
42115,0.87,-0.404
42116,0.85,-0.416
42121,1.01,-0.063
42122,0.94,-0.062
42124,0.26,-2.074
42126,0.51,-1.328
42127,0.54,-1.246
42128,0.56,-1.23
42129,0.39,-1.779
42134,0.73,-0.65
42135,0.75,-0.671
42136,0.76,-0.668
42138,0.8,-0.533
42139,0.82,-0.526
42141,0.76,-0.525
42142,0.82,-0.56
42144,0.76,-0.531
42147,1.04,0.294
42148,0.84,-0.461
42150,0.77,-0.505
42152,0.88,-0.373
42153,0.88,-0.355
42155,1.25,0.57
42157,1.26,0.585
42159,1.46,0.695
42160,1.15,0.724
42161,1.46,0.74
42163,0.84,-0.432
42165,0.82,-0.412
42166,0.92,-0.065
42168,0.99,-0.095
42171,1.29,0.477
42172,1.01,-0.095
42175,1.24,0.567
42176,1.25,0.551
42180,0.6,-1.12
42183,1.07,0.08
42185,1.02,0.039
42187,0.44,-1.433
42191,0.41,-1.523
42193,0.88,-0.301
42195,0.94,-0.338
42196,1.88,1.234
42197,1.86,1.223
42199,0.98,0.075
42201,1.08,0.06
42204,1.32,0.415
42209,1.31,0.444
42210,1.05,0.083
42211,1.11,0.114
42214,0.3,-1.991
42215,0.34,-1.979
42216,0.55,-1.0
42217,0.66,-0.956
42218,0.57,-1.0
42220,1.18,0.441
42222,0.99,0.453
42223,1.12,0.42
42224,1.2,0.387
42228,1.14,0.28
42230,0.83,-0.477
42232,0.83,-0.387
42233,0.34,-1.836
42237,0.54,-1.304
42238,0.56,-1.311
42240,0.87,-0.418
42241,0.85,-0.423
42242,0.86,-0.378
42245,0.51,-1.328
42247,0.54,-1.338
42248,0.45,-1.492
42250,0.46,-1.467
42253,0.8,-0.444
42255,0.9,-0.362
42256,0.46,-1.419
42257,0.44,-1.459
42259,0.47,-1.478
42261,0.23,-2.228
42263,0.22,-2.193
42265,0.96,-0.105
42267,0.98,-0.089
42268,1.4,0.706
42269,1.45,0.673
42271,0.21,-2.275
42272,0.21,-2.287
42274,1.03,0.156
42275,1.1,0.167
42277,0.69,-0.696
42279,0.74,-0.717
42281,0.34,-1.886
42283,0.34,-1.886
42284,0.33,-1.855
42285,0.33,-1.863
42286,1.01,-0.082
42287,0.94,-0.05
42289,1.72,1.007
42291,1.72,0.997
42292,1.19,1.013
42295,1.52,0.653
42296,1.42,0.733
42298,1.21,0.421
42300,1.23,0.435
42301,0.94,0.231
42304,0.84,-0.432
42311,1.11,0.406
42312,1.02,0.413
42313,1.02,0.982
42316,1.08,0.25
42318,1.14,0.246
42321,0.74,-0.69
42323,1.02,0.012
42325,1.03,-0.004
42328,0.9,-0.267
42330,0.85,-0.396
42331,0.82,-0.401
42332,1.17,0.494
42333,1.3,0.484
42335,1.19,0.548
42336,1.34,0.533
42340,0.31,-1.867
42343,0.95,-0.199
42345,0.23,-2.167
42348,0.45,-1.542
42349,0.46,-1.521
42353,0.99,-0.013
42354,0.97,0.019
42356,0.89,-0.232
42358,0.95,-0.252
42359,0.9,-0.275
42360,0.88,-0.288
42362,0.18,-2.369
42363,0.18,-2.387
42367,0.97,0.083
42368,1.04,0.051
42370,0.77,-0.52
42373,0.62,-1.129
42375,0.79,-0.472
42376,0.84,-0.471
42377,0.79,-0.471
42380,0.64,-1.119
42382,0.17,-2.458
42383,0.16,0.531
42385,0.17,-2.462
42386,0.64,-0.871
42390,1.0,0.245
42391,1.12,0.197
42393,1.13,0.436
42394,0.99,0.459
42397,0.64,-0.942
42399,0.43,-1.643
42400,0.4,-1.696
42403,0.66,-0.817
42406,0.25,-2.084
42409,1.05,0.049
42412,0.66,-0.896
42414,1.86,1.167
42416,1.43,1.058
42419,1.08,0.271
42422,1.04,-0.08
42423,1.04,-0.034
42424,1.03,0.145
42426,1.01,0.116
42427,0.85,-0.44
42429,0.81,-0.437
42432,1.05,0.5
42433,1.11,0.464
42434,1.05,0.218
42436,1.13,0.405
42437,0.99,0.42
42439,1.41,0.636
42441,1.28,0.668
42443,1.0,0.059
42444,1.06,0.079
42445,1.22,0.388
42446,1.13,0.431
42451,1.15,0.471
42452,1.04,0.471
42454,0.93,-0.004
42455,1.08,0.108
42457,0.62,0.087
42458,0.63,-1.034
42459,0.55,-1.137
42462,1.07,0.25
42466,0.91,-0.29
42467,1.16,0.34
42468,1.24,0.363
42475,0.39,-1.647
42480,0.36,-1.707
42482,0.39,-1.712
42483,0.4,-1.77
42484,1.07,0.16
42485,1.02,0.157
42488,0.52,-1.35
42490,1.06,0.055
42492,0.95,0.182
42493,1.12,0.336
42496,1.28,0.306
42497,0.98,0.164
42498,1.36,0.335
42500,1.11,0.271
42502,1.14,0.246
42503,0.86,-0.41
42506,0.83,0.386
42507,0.94,0.037
42509,1.13,0.112
42510,1.03,0.116
42512,0.97,0.374
42513,1.12,0.444
42515,1.23,0.417
42520,0.66,-0.861
42521,0.36,-1.791
42522,0.39,-1.79
42524,0.87,-0.326
42526,0.86,-0.367
42528,1.07,0.325
42529,0.98,0.35
42532,0.88,-0.221
42533,1.04,0.405
42534,1.08,0.379
42536,1.02,-0.093
42537,0.65,-1.053
42538,0.98,-0.109
42542,1.0,-0.026
42545,1.38,0.742
42546,1.45,0.739
42548,1.19,0.286
42549,1.04,0.332
42553,1.08,0.19
42555,0.79,-0.507
42557,0.78,0.33
42558,0.6,-1.2
42560,0.64,-1.125
42562,1.14,0.35
42563,1.2,0.283
42566,0.87,-0.344
42568,0.89,-0.372
42572,0.51,-1.438
42573,0.52,-1.407
42574,0.62,-1.072
42575,0.64,-1.06
42577,0.5,-1.474
42578,0.52,-1.435
42581,1.07,0.375
42582,1.18,0.332
42583,1.11,0.452
42585,1.24,0.4
42586,0.28,-2.032
42587,0.28,-2.066
42591,1.14,0.419
42592,1.09,0.418
42593,1.21,0.446
42594,1.21,0.419
42595,1.04,0.309
42596,1.09,0.273
42598,1.21,0.336
42599,1.2,0.372
42601,1.25,0.413
42604,1.1,0.42
42605,0.46,-1.574
42611,0.8,-0.4
42616,0.38,-1.78
42618,1.13,0.184
42619,1.18,0.176
42622,1.23,0.316
42623,1.3,0.381
42625,1.21,0.469
42626,1.31,0.439
42627,0.91,-0.287
42628,0.94,-0.239
42632,1.29,0.629
42633,1.57,0.713
42634,0.21,-2.24
42635,0.21,-2.264
42637,0.61,-1.119
42638,0.63,-1.092
42640,0.63,-1.092
42641,0.6,-1.154
42647,0.92,-0.273
42649,0.34,-1.82
42653,0.9,-0.368
42654,0.8,-0.565
42658,0.97,0.799
42663,0.31,-1.909
42664,0.31,-1.991
42665,0.24,-2.276
42666,0.33,-1.943
42667,0.21,-2.254
42668,0.29,-1.972
42669,0.59,-1.135
42672,0.63,-1.127
42675,1.36,0.822
42677,1.27,0.799
42678,1.37,0.637
42680,1.19,0.362
42681,1.07,0.34
42683,0.36,-1.794
42684,0.37,-1.768
42687,0.85,-0.418
42688,1.05,0.033
42693,1.06,0.011
42695,0.97,0.001
42696,0.42,-1.633
42698,0.45,-1.604
42700,1.17,0.367
42704,0.55,-1.421
42710,0.95,-0.189
42711,0.96,-0.225
42713,0.94,-0.226
42714,0.95,-0.236
42715,0.48,-1.398
42718,0.47,-1.301
42722,1.31,0.803
42724,0.39,-1.693
42725,0.42,-1.621
42728,1.09,0.253
42733,0.85,-0.384
42734,0.89,-0.377
42736,1.11,0.197
42740,1.76,1.017
42741,1.18,0.972
42744,0.96,0.311
42746,1.46,0.773
42747,1.41,0.695
42749,0.86,-0.358
42752,1.09,0.404
42753,1.24,0.38
42756,1.28,0.462
42757,1.2,0.48
42759,1.14,0.435
42760,1.04,0.484
42762,0.34,-1.909
42765,0.34,-1.836
42766,1.03,0.009
42767,1.04,0.048
42772,0.7,-0.7
42774,0.19,-2.386
42776,0.8,-0.489
42777,0.77,-0.463
42780,1.01,-0.09
42781,1.24,0.299
42783,1.2,0.321
42787,1.29,0.464
42789,1.0,0.039
42790,0.37,-1.836
42792,0.34,-1.851
42793,0.34,-1.857
42797,0.39,-1.793
42798,0.39,-1.712
42799,0.65,-1.005
42801,0.74,-0.824
42802,1.2,0.609
42804,1.39,0.713
42806,1.0,-0.023
42810,0.55,-1.374
42812,0.54,-1.364
42814,0.53,-1.31
42816,1.48,0.816
42817,1.51,0.818
42818,1.29,0.913
42819,1.32,0.812
42820,0.61,-1.13
42822,0.64,-1.095
42824,0.61,-1.213
42825,0.57,-1.3
42826,0.59,-1.244
42828,0.29,-1.88
42830,1.11,0.117
42834,0.16,-2.461
42836,0.17,-2.474
42841,0.66,-0.9
42842,0.89,1.057
42844,0.94,0.089
42845,1.35,0.547
42846,1.12,0.566
42848,1.1,0.224
42849,1.03,0.227
42851,0.81,-0.282
42853,0.76,-0.268
42854,0.95,-0.254
42856,0.81,-0.273
42861,0.67,-0.993
42862,0.63,-1.039
42864,0.56,-1.245
42866,0.52,-1.297
42868,1.0,0.033
42870,0.98,0.032
42873,0.97,-0.131
42874,0.73,-0.639
42878,0.36,-1.77
42879,0.38,-1.792
42880,0.33,-1.787
42882,0.34,-1.83
42883,0.87,-0.439
42886,0.2,-2.339
42887,0.23,-2.329
42889,1.55,0.799
42891,1.06,0.837
42892,0.51,-1.403
42893,1.12,0.192
42895,0.5,-1.412
42897,0.25,-2.198
42898,0.23,-2.153
42899,1.7,0.903
42901,1.45,0.768
42902,0.54,-1.35
42904,0.58,-1.288
42905,1.31,0.474
42906,1.42,0.557
42909,0.36,-1.773
42911,1.18,0.399
42912,1.31,0.394
42915,1.3,0.83
42916,1.54,0.834
42920,0.42,-1.644
42923,0.51,-1.37
42927,1.0,-0.054
42929,0.92,-0.062
42931,0.54,-1.321
42934,0.42,-1.663
42936,0.42,-1.614
42939,1.18,0.337
42942,0.42,-1.633
42946,0.41,-1.64
42948,0.41,-1.627
42949,0.41,-1.635
42952,0.73,-0.728
42953,0.71,-0.716
42957,0.2,-2.309
42959,1.01,-0.088
42961,0.96,-0.086
42963,0.92,-0.37
42964,0.8,-0.377
42965,0.42,-1.713
42968,0.44,-1.733
42970,0.97,-0.162
42975,0.22,-2.26
42976,0.21,-2.201
42977,0.54,-1.31
42980,0.53,-1.297
42984,1.43,0.712
42985,1.4,0.76
42986,0.4,-1.743
42988,0.4,-1.702
42990,1.05,0.636
42994,0.53,-1.281
42996,0.82,-0.505
42998,0.71,-0.71
43001,0.7,-0.711
43002,0.59,-1.111
43006,0.66,-0.853
43009,1.14,0.127
43010,1.11,0.104
43013,1.15,0.103
43017,0.91,-0.214
43021,1.13,0.378
43022,1.08,0.253
43023,1.06,0.252
43024,1.15,0.317
43026,0.76,-0.56
43027,0.81,-0.549
43031,0.81,-0.448
43034,1.82,0.77
43035,1.28,0.431
43037,0.53,-1.296
43038,0.56,-1.292
43042,0.93,-0.123
43044,0.97,-0.137
43045,1.2,0.759
43048,0.96,-0.04
43052,0.82,-0.531
43055,0.81,-0.35
43057,0.88,-0.359
43058,0.41,-1.861
43062,0.79,-0.369
43063,0.29,-2.129
43064,1.03,0.568
43066,1.2,0.535
43068,0.66,-0.7
43072,0.09,-3.258
43077,0.08,-3.281
43078,0.09,-3.257
43079,0.08,-3.28
43082,1.04,1.67
43084,1.15,1.35
43086,0.5,-1.381
43087,0.5,-1.373
43088,1.19,1.21
43091,1.87,1.38
43095,0.97,1.91
43099,1.0,-0.339
43100,0.74,-0.354
43102,0.09,-3.137
43105,0.09,-3.114
43106,0.1,-3.141
43111,0.88,-0.359
43119,0.9,-0.301
43124,0.99,-0.023
43126,1.06,0.038
43139,0.98,0.025
43157,0.96,-0.26
43162,0.93,-0.204
43164,0.92,-0.228
43167,1.39,0.642
43168,1.4,0.656
43173,1.18,0.726
43186,0.86,-0.291
43190,0.56,-1.194
43194,0.33,-2.152
43195,0.06,-1.95
43197,0.33,-1.09
43198,0.64,-1.296
43200,0.36,-1.02
43201,0.42,-1.086
43206,0.47,1.433
43209,1.1,-0.03
43213,1.17,-0.02
43216,0.87,0.013
43218,1.26,0.039
43219,1.06,0.637
43221,1.0,0.08
43231,0.07,-3.14
43236,1.24,0.441
43237,1.3,0.459
43239,1.15,0.489
43256,0.75,-0.601
43260,1.44,0.766
43265,1.28,0.433
43271,1.22,0.413
43279,0.91,-0.177
43281,0.23,-2.134
43287,1.24,0.455
43293,0.66,-0.817
43295,0.68,-0.879
43302,0.77,0.0
43308,0.81,-0.447
43309,0.83,-0.469
43310,0.27,-2.055
43312,0.95,-0.229
43316,1.08,0.525
43319,0.58,-1.065
43323,1.07,0.333
43324,1.1,0.274
43335,1.29,0.696
43337,1.0,0.075
43347,1.43,0.607
43351,0.64,-0.892
43352,1.17,0.597
43358,1.36,0.678
43363,1.35,0.519
43366,1.45,0.644
43371,1.02,0.162
43373,1.17,0.16
43380,1.01,0.159
43384,1.0,-0.113
43386,1.05,0.276
43391,1.1,0.165
43394,1.08,0.442
43406,0.99,-0.002
43409,1.01,0.555
43413,0.78,-0.597
43414,0.76,-0.546
43417,1.0,0.349
43422,0.82,-0.313
43427,1.13,0.843
43431,1.25,0.467
43433,0.87,-0.342
43434,0.17,-2.412
43438,1.31,0.44
43448,1.1,0.4
43452,0.92,-0.279
43454,0.61,-1.062
43459,1.12,0.338
43462,1.1,0.527
43465,0.81,-0.108
43469,0.55,-1.292
43472,0.75,-0.671
43474,1.07,0.296
43480,0.95,-0.139
43482,0.95,-0.149
43485,1.18,0.49
43493,1.18,0.47
43494,1.24,0.582
43502,1.06,0.178
43504,1.05,0.477
43510,0.81,-0.416
43511,0.87,-0.418
43519,1.03,0.079
43522,1.21,0.507
43525,1.1,0.679
43535,1.02,0.043
43542,0.87,-0.311
43543,0.94,-0.172
43545,1.29,0.587
43547,1.39,0.647
43551,0.96,0.069
43553,1.32,0.317
43554,0.97,-0.076
43558,1.0,-0.063
43563,0.98,0.438
43565,1.14,0.288
43571,1.57,0.932
43573,1.15,0.174
43577,1.17,0.803
43594,1.35,0.613
43597,0.97,-0.043
43598,0.93,-0.114
43599,1.14,0.707
43605,1.61,1.026
43609,1.03,0.058
43610,1.09,0.083
43613,0.95,-0.165
43615,1.25,0.49
43617,1.24,0.436
43622,1.2,0.308
43626,1.17,0.651
43629,0.85,-0.364
43631,1.93,1.215
43632,2.38,1.331
43641,1.29,0.428
43654,1.2,0.39
43656,1.02,0.0
43657,1.24,0.323
43662,1.07,0.062
43667,0.99,0.167
43670,0.94,-0.184
43674,1.15,0.534
43677,1.02,0.475
43681,1.3,0.528
43683,1.13,1.009
43688,1.91,1.262
43691,0.97,-0.059
43697,0.96,-0.043
43705,1.36,0.692
43707,1.11,0.332
43711,1.16,0.22
43713,1.06,0.274
43719,0.87,-0.335
43726,0.8,-0.562
43728,0.9,-0.313
43730,0.89,-0.328
43745,1.08,0.304
43757,1.17,0.263
43764,0.84,-0.337
43766,1.14,0.356
43769,0.49,-1.557
43779,1.02,-0.125
43789,1.12,0.294
43796,0.72,-0.774
43801,1.16,0.199
43809,0.88,-0.574
43816,1.26,0.434
43825,0.68,-0.661
43830,1.2,0.336
43842,1.3,0.21
43849,0.83,-0.439
43854,1.65,0.819
43861,1.01,0.066
43864,1.14,0.169
43876,0.35,-1.596
43879,1.08,0.01
43884,0.93,-0.021
43885,1.06,0.077
43886,1.16,0.478
43897,0.92,-0.128
43913,0.93,-0.166
43915,0.97,-0.179
43926,0.98,-0.18
43935,0.92,-0.352
43940,0.65,-0.825
43946,0.94,-0.198
43950,0.96,-0.122
43959,0.85,-0.336
43960,0.91,-0.265
43964,1.05,-0.085
43970,0.98,0.032
43988,1.17,0.606
44000,0.99,-0.035
44005,1.02,0.067
44019,0.97,-0.196
44028,0.85,-0.354
44030,0.82,-0.396
44033,0.84,-0.463
44034,1.15,0.597
44046,1.13,0.163
44060,1.04,0.101
44066,1.06,0.054
44074,1.12,0.16
44078,0.67,-0.751
44089,0.93,-0.297
44096,1.11,0.427
44100,1.21,0.449
44104,1.28,0.346
44118,1.02,0.49
44123,1.0,0.043
44124,1.0,-0.022
44125,1.04,0.534
44126,1.04,0.063
44134,1.56,0.687
44140,0.94,-0.271
44146,1.24,0.505
44150,1.01,0.457
44151,0.39,-1.811
44158,0.76,-0.453
44166,1.36,0.557
44172,0.72,-0.646
44178,1.04,0.171
44185,1.18,0.781
44190,1.39,0.724
44192,1.03,0.85
44196,1.34,0.716
44198,1.16,0.795
44199,1.04,0.416
44206,1.14,0.304
44209,0.27,-2.026
44215,1.23,0.7
44224,1.47,0.654
44233,0.99,-0.11
44235,0.9,-0.129
44238,1.23,0.778
44249,1.54,0.679
44257,0.99,-0.059
44266,0.56,-1.394
44274,0.62,-1.045
44278,1.09,0.205
44280,1.08,0.246
44287,1.3,0.836
44290,0.96,-0.008
44296,0.89,-0.324
44312,1.31,0.586
44316,1.01,-0.186
44322,1.23,0.746
44324,0.83,-0.321
44327,1.2,0.661
44334,0.81,-0.357
44335,1.12,0.279
44340,1.42,0.673
44347,1.13,0.393
44352,1.14,0.554
44360,1.03,0.181
44363,0.98,0.031
44370,1.01,0.082
44380,0.97,-0.363
44384,1.14,0.556
44401,1.17,0.126
44408,0.63,-0.923
44413,0.68,-0.75
44414,0.25,-2.104
44417,0.3,-1.951
44418,0.29,-1.991
44419,0.32,-2.0
44422,0.17,-2.531
44423,0.16,-2.539
44424,0.41,-1.638
44425,0.41,-1.63
44427,0.69,-0.676
44429,0.69,-0.644
44430,0.77,-0.72
44440,1.02,-0.086
44459,0.97,-0.155
44461,0.98,-0.102
44463,0.9,-0.088
44472,1.41,0.706
44477,1.21,0.465
44488,1.24,0.574
44492,0.88,-0.06
44493,0.97,0.006
44500,0.88,-0.056
44504,1.43,0.568
44508,1.14,0.459
44509,0.81,-0.176
44510,1.1,-0.185
44514,0.14,-2.659
44525,3.13,1.934
44530,0.88,-0.284
44531,0.12,-2.796
44544,0.12,-2.81
44558,1.06,0.207
44560,4.84,2.672
44563,0.4,-1.841
44569,0.62,-1.024
44570,1.7,2.9
44578,1.76,0.958
44585,1.95,0.953
44589,1.4,2.73
44599,0.85,-0.485
44611,0.86,-0.456
44633,0.85,-0.471
44640,0.68,-0.638
44642,0.73,-0.654
44643,0.61,-0.693
44644,0.75,-0.622
44648,2.7,1.987
44654,2.57,1.893
44663,1.88,1.073
44682,1.78,1.897
44687,1.47,1.85
44689,0.99,1.766
44695,1.54,1.722
44704,2.6,1.83
44706,2.82,1.823
44708,1.33,1.036
44711,1.51,1.111
44717,1.47,1.084
44720,1.5,1.797
44724,2.1,1.253
44730,1.61,1.23
44732,2.7,2.039
44735,3.04,2.09
44739,2.61,1.895
44744,2.17,1.85
44745,0.9,-0.377
44746,1.01,1.734
44751,2.13,1.709
44752,1.3,1.822
44758,2.72,2.063
44760,3.09,2.14
44763,1.2,0.318
44765,1.22,0.34
44776,0.97,0.262
44777,0.89,0.232
44780,0.91,0.232
44789,1.05,0.258
44798,0.95,0.26
44816,1.32,0.505
44830,1.34,0.525
44846,0.63,-0.305
44847,0.92,-0.296
44851,0.8,-0.284
44876,1.31,0.561
44878,0.19,-2.352
44887,1.15,0.525
44897,1.48,1.8
44900,1.74,1.767
44905,2.2,1.839
